"","Kingdom","Phylum","Class","Order","Family","Genus","Species"
"GCGGTAATACGGAAGGTCCGGGCGTTATCCGGATTTATTGGGTTTAAAGGGAGCGTAGGCCGGAGATTAAGCGTGTTGTGAAATGTAGACGCTCAACGTCTGCACTGCAGCGCGAACTGGTTTCCTTGAGTACGCACAAAGTGGGCGGAATTCGTGGTGTAGCGGTGAAATGCTTAGATATCACGAAGAACTCCGATTGCGAAGGCAGCTCACTGGAGCGCAACTGACGCTGAAGCTCGAAAGTGCGGGTATCGAACAGGATTAGAAA","Bacteria","Bacteroidota","Bacteroidia","Bacteroidales","Prevotellaceae",NA,NA
"GCGGTAATACGGAGGGTGCAAGCGTTAATCGGAATAACTGGGCGTAAAGGGCATGCAGGCGGTTCATCAAGTAGGATGTGAAATCCCCGGGCTCAACCTGGGAACAGCATACTAAACTGGTGGACTAGAGTATTGCAGGGGGAGACGGAATTCCAGGTGTAGCGGTGGAATGCGTAGATATCTGGAAGAACACCAAAGGCGAAGGCAGTCTCCTGGGCAAATACTGACGCTCATATGCGAAAGCGTGGGTAGCAAACAGGATTAGAAA","Bacteria","Pseudomonadota","Gammaproteobacteria","Enterobacterales","Succinivibrionaceae",NA,NA
"GCGGTAAAACGTAGGTCACAAGCGTTGTCCGGAATTACTGGGTGTAAAGGGAGCGCAGGCGGGAAGACAAGTTGGAAGTGAAATCCATGGGCTCAACCCATGAACTGCTTTCAAAACTGTTTTTCTTGAGTAGTGCAGAGGTAGGCGGAATTCCCGGTGTAGCGGTGGAATGCGTAGATATCGGGAGGAACACCAGTGGCGAAGGCGGCCTACTGGGCACCAACTGACGCTGAGGCTCGAAAGTGTGGGTAGCAAACAGGATTAGAAA","Bacteria","Bacillota","Clostridia","Oscillospirales","Ruminococcaceae",NA,NA
"GCGGTAATACGTATGGTGCAAGCGTTATCCGGATTTACTGGGTGTAAAGGGAGCGCAGGCGGTGCGGCAAGTCTGATGTGAAAGCCCGGGGCTCAACCCCGGTACTGCATTGGAAACTGTCGTACTAGAGTGTCGGAGGGGTAAGCGGAATTCCTAGTGTAGCGGTGAAATGCGTAGATATTAGGAGGAACACCAGTGGCGAAGGCGGCTTACTGGACGATAACTGACGCTGAGGCTCGAAAGCGTGGGGAGCAAACAGGATTAGAAA","Bacteria","Bacillota","Clostridia","Lachnospirales","Lachnospiraceae",NA,NA
"GCGGTAATACGTAGGTGGCAAGCGTTGTCCGGAATTATTGGGCGTAAAGCGCGCGCAGGCGGCTTCTTAAGTCCATCTTAAAAGTGCGGGGCTTAACCCCGTGATGGGATGGAAACTGAGAGGCTGGAGTATCGGAGAGGAAAGTGGAATTCCTAGTGTAGCGGTGAAATGCGTAGAGATTAGGAAGAACACCGGTGGCGAAGGCGACTTTCTGGACGACAACTGACGCTGAGGCGCGAAAGCGTGGGGAGCAAACAGGATTAGAAA","Bacteria","Bacillota","Negativicutes","Veillonellales-Selenomonadales","Veillonellaceae",NA,NA
"GCGGTAATACGTAGGTGGCGAGCGTTATCCGGAATCATTGGGCGTAAAGAGGGAGCAGGCGGCCGCAAGGGTCTGTGGTGAAAGACCGAAGCTAAACTTCGGTAAGCCATGGAAACCGGGCGGCTAGAGTGCGGAAGAGGATCGTGGAATTCCATGTGTAGCGGTGAAATGCGTAGATATATGGAGGAACACCAGTGGCGAAGGCGACGGTCTGGGCCGCAACTGACGCTCATTCCCGAAAGCGTGGGGAGCAAATAGGATTAGAAA","Bacteria","Bacillota","Bacilli","Erysipelotrichales","Erysipelatoclostridiaceae",NA,NA
"GCGGTAACACGTAAGGTGCGAGCGTTGTTCGGAATTATTGGGCGTAAAGGGCATGTAGGCGGAAATGCAAGCCTGGCGTGAAATCCCGGGGCTTAACTCCGGGACTGCGCTGGGAACTGCATAACTAGAGTAACTGAGGGGCGGCCGGAATTCCAGGTGTAGGGGTGAAATCTGTAGATATCTGGAAGAACACCAATGGCGAAGGCAGGCCGCCAGCAGATTACTGACGCTGAGGTGCGAAGGTGCGGGGAGCAAACAGGATTAGAAA","Bacteria","Spirochaetota","Spirochaetia","Spirochaetales","Spirochaetaceae",NA,NA
"GCGGTAATACGGAGGATGCGAGCGTTATCCGGATTTATTGGGTTTAAAGGGTGCGCAGGCGGCGCGCCAAGTCAGCGGTCAAAGTTCCGGGCTCAACCCGGTGTCGCCGTTGAAACTGGCGTGCTCGAGTGCGTGCGAGGAAGGCGGAATGCGTTGTGTAGCGGTGAAATGCATAGATATGACGCAGAACTCCGATTGCGAAGGCAGCTTTCCAGCGCGCTACTGACGCTGAGGCACGAAAGCGTGGGGATCGAACAGGATTAGAAA","Bacteria","Bacteroidota","Bacteroidia","Bacteroidales","Muribaculaceae",NA,NA
"GCGGTAATACGGAGGGTGCAAGCGTTGTCCGGAATCATTGGGCGTAAAGAGTTCGTAGGCGGCATGTAAAGTCAGGTGTTAAAGGCTGAGGCTCAACCTCAGTATGGCACTTGATACTTGCAAGCTAGAATGCGGTAGAGGTAAAGGGAATTCCTGGTGTAGCGGTGAAATGCTTAGATATCAGGAGGAACATCGGTGGCGTAAGCGCTTTACTGGGCCGTAATTGACGCTGAGGAACGAAAGCCAGGGTAGCAAATGGGATTAGAAA","Bacteria","Cyanobacteriota","Vampirivibrionia","Gastranaerophilales","Gastranaerophilaceae",NA,NA
"GCGGTAATACGTAGGTGGCAAGCGTTGTCCGGATTTACTGGGTGTAAAGGGCGTGTAGCCGGGAGGGCAAGTCAGATGTGAAATCCACGGGCTCAACTCGTGAACTGCATTTGAAACTACTCTTCTTGAGTATCGGAGAGGCAATCGGAATTCCTAGTGTAGCGGTGAAATGCGTAGATATTAGGAGGAACACCAGTGGCGAAGGCGGATTGCTGGACGACAACTGACGGTGAGGCGCGAAAGCGTGGGGAGCAAACAGGATTAGAAA","Bacteria","Bacillota","Clostridia","Oscillospirales","Oscillospiraceae",NA,NA
"GCGGTAAGACGTAGGTGGCAAGCGTTACTCGGAATTACTAGGCGTAAAGCGCGCGTAGGCGGGATGTTAAGTCTGTTGTGTAATCTCTGGGCTCAACCCAGAAACTGCAACGGAAACTGGCGTTCTTGAGTGAGGCAGAGGAAATCGGAATTCCTAGTGTAGCAGTGAAATGCGTAGATATTAGGAGGAACACCGGTGGCGAAGGCGGATTTCTGGGCCTTTACTGACGCTAAAGTGCGAAAGCTAGGGGAGCAAACGGGATTAGAAA","Bacteria","Elusimicrobiota","Elusimicrobia","Elusimicrobiales","Elusimicrobiaceae",NA,NA
"GCGGTAATACGTAGGTGGCGAGCGTTGTCCGGATTTACTGGGCGTAAAGGGAGCGTAGGCGGATTTTTAAGTGAGATGTGAAATACTCGGGCTTAACCTGAGTGCTGCATTTCAAACTGGAAGTCTAGAGTGCAGGAGAGGAGAAGGGAATTCCTAGTGTAGCGGTGAAATGCGTAGAGATTAGGAAGAACACCAGTGGCGAAGGCGCTTCTCTGGACTGTAACTGACGCTGAGGCTCGAAAGCGTGGGGAGCAAACAGGATTAGAAA","Bacteria","Bacillota","Clostridia","Clostridiales","Clostridiaceae",NA,NA
"GCGGTAATACGTAGGGTGCAAGCGTTATCCGGAATTATTGGGCGTAAAGGGCTCGTAGGCGGTTCGTCGCGTCCGGTGTGAAAGTCCATCGCTTAACGGTGGATCCGCGCCGGGTACGGGCGGGCTTGAGTGCGGTAGGGGAGACTGGAATTCCCGGTGTAACGGTGGAATGTGTAGATATCGGGAAGAACACCAATGGCGAAGGCAGGTCTCTGGGCCGTCACTGACGCTGAGGAGCGAAAGCGTGGGGAGCGAACAGGATTAGAAA","Bacteria","Actinomycetota","Actinobacteria","Bifidobacteriales","Bifidobacteriaceae",NA,NA
"GCGGTAATACGTAGGTGACAAGCGTTGTTCGGATTCATTGGGCGTAAAGGGTCCGCAGGTGGTTTGATAAGTCTGACGTGAAATACCGGAGCTCAACTCCGGAACTGCGTTGGAGACTGTTGAACTGGAGTATCGGAGAGGAAATTGGAATTCCAGGTGTAGCGGTGGAATGCGTAGATATCTGGAAGAACATCGACAGCGAAGGCAGATTTCTGGACGATAACTGACACTCAGGGACGAAAGCATGGGGAGCAAACAGGATTAGAAA","Bacteria","Verrucomicrobiota","Lentisphaeria","Victivallales","vadinBE97",NA,NA
"GCGGTAATACGTAGGTGGCGAGCGTTATCCGGAATGATTGGGCGTAAAGGGTGCGTAGGTGGCAGATCAAGTCTGGAGTAAAAGGTATGGGCTCAACCCGTACTGGCTCTGGAAACTGATCAGCTAGAGAACAGAAGAGGACGGCGGAACTCCATGTGTAGCGGTAAAATGCGTAGATATATGGAAGAACACCGGTGGCGAAGGCGGCCGTCTGGTCTGGATTCTGACACTGAAGCACGAAAGCGTGGGGAGCAAATAGGATTAGAAA","Bacteria","Bacillota","Bacilli","Erysipelotrichales","Erysipelotrichaceae",NA,NA
"GCGGTAATACGTAGGTGGCGAGCGTTGTCCGGATTTATTGGGCGTAAAGGGAACGCAGGCGGTCTTTTAAGTCTGATGTGAAAGCCTTCGGCTTAACCGAAGTAGTGCATTGGAAACTGGAAGACTTGAGTGCAGAAGAGGAGAGTGGAACTCCATGTGTAGCGGTGAAATGCGTAGATATATGGAAGAACACCAGTGGCGAAAGCGGCTCTCTGGTCTGTAACTGACGCTGAGGTTCGAAAGCGTGGGTAGCAAACAGGATTAGAAA","Bacteria","Bacillota","Bacilli","Lactobacillales","Lactobacillaceae",NA,NA
"GCGGTAATACGTAGGGGGCTAGCGTTATCCGGAATTACTGGGCGTAAAGGGTGCGTAGGTGGTTTCTTAAGTCAGAGGTGAAAGGCTACGGCTCAACCGTAGTAAGCCTTTGAAACTGGGAAACTTGAGTGCAGGAGAGGAGAGTGGAATTCCTAGTGTAGCGGTGAAATGCGTAGATATTAGGAGGAACACCAGTTGCGAAGGCGGCTCTCTGGACTGTAACTGACACTGAGGCACGAAAGCGTGGGGAGCAAACAGGATTAGAAA","Bacteria","Bacillota","Clostridia","Peptostreptococcales-Tissierellales","Peptostreptococcaceae",NA,NA
"GCGGTAATACGGAGGATCCGAGCGTTATCCGGATTTATTGGGTTTAAAGGGAGCGTAGGTGGACTGGTAAGTCAGTTGTGAAAGTTTGCGGCTCAACCGTAAAATTGCAGTTGATACTGTCAGTCTTGAGTACAGTAGAGGTGGGCGGAATTCGTGGTGTAGCGGTGAAATGCTTAGATATCACGAAGAACTCCGATTGCGAAGGCAGCTCACTGGACTGCAACTGACACTGATGCTCGAAAGTGTGGGTATCAAACAGGATTAGAAA","Bacteria","Bacteroidota","Bacteroidia","Bacteroidales","Bacteroidaceae",NA,NA
"GCGGTAATACGGAGGATGCAAGCGTTATCCGGATTTATTGGGTTTAAAGGGTGCGTAGGCTGTTCTGCAAGTCAGCGGTGAAAGCCCGGGGCTCAACCCCGGAAATGCCGTTGATACTGCGGGGCTGGAATACGGATGCCGTGGGAGGAATGAGTAGTGTAGCGGTGAAATGCATAGATATTACTCAGAACACCGATTGCGAAGGCATCTCACGAATCCGTTATTGACGCTGAGGCACGAAAGCGTGGGGATCAAACAGGATTAGAAA","Bacteria","Bacteroidota","Bacteroidia","Bacteroidales","Rikenellaceae",NA,NA
"GCGGTAATACGTAGGGGGCGAGCGTTATCCGGATTCATTGGGCGTAAAGCGCGCGTAGGCGGCCCGGCAGGCCGGGGGTCGAAGCGGGGGGCTCAACCCCCCGAAGCCCCCGGAACCTCCGCGGCTTGGGTCCGGTAGGGGAGGGTGGAACACCCGGTGTAGCGGTGGAATGCGCAGATATCGGGTGGAACACCGGTGGCGAAGGCGGCCCTCTGGGCCGAGACCGACGCTGAGGCGCGAAAGCTGGGGGAGCGAACAGGATTAGAAA","Bacteria","Actinomycetota","Coriobacteriia","Coriobacteriales","Coriobacteriaceae",NA,NA
"GCGGTAATACGTAGGGAGCAAGCGTTATCCGGATTTACTGGGTGTAAAGGGCGAGTAGGCGGATTGGCAAGTTGGGAGTGAAATGTCGGGGCTTAACCCCGGAACTGCTTCCAAAACTGTTGATCTTGAGTGATGGAGAGGCAGGCGGAATTCCCAGTGTAGCGGTGAAATGCGTAGATATTGGGAGGAACACCAGTGGCGAAGGCGGCCTGCTGGACATTAACTGACGCTGAGGAGCGAAAGCGTGGGGAGCAAACAGGATTAGAAA","Bacteria","Bacillota","Clostridia","Oscillospirales","Butyricicoccaceae",NA,NA
"GCGGTAATACGTAGGTCCCAAGCGTTGTCCGGATTTATTGGGCGTAAAGCGAGCGCAGGTGGTTTCTTAAGTCTGATGTAAAAGGCAGTGGCTCAACCATTGTGTGCATTGGAAACTGGGAGACTTGAGTGCAGGAGAGGAGAGTGGAATTCCATGTGTAGCGGTGAAATGCGTAGATATATGGAGGAACACCGGAGGCGAAAGCGGCTCTCTGGCCTGTAACTGACACTGAGGCTCGAAAGCGTGGGGAGCAAACAGGATTAGAAA","Bacteria","Bacillota","Bacilli","Lactobacillales","Streptococcaceae",NA,NA
"GCGGTAATACGTAGGTGGCAAGCGTTGTCCGGAATTACTGGGTGTAAAGGGAGCGCAGGCGGGAAATCAAGTTGGATGTGAAATGTCGGGGCTTAACCCCGGAACTGCATCCAAAACTGATATTCTTGAGTGAAGTAGAGGTAGGCGGAATTCCGAGTGTAGCGGTGAAATGCGTAGATATTCGGAGGAACACCAGTGGCGAAGGCGGCCTACTGGGCTTTAACTGACGCTGAGGCTCGAAAGTGTGGGGAGCAAACAGGATTAGAAA","Bacteria","Bacillota","Clostridia","Oscillospirales","[Eubacterium] coprostanoligenes group",NA,NA
"GCGGTAATACGTAGGGGGCAAGCGTTGTCCGGAATAATTGGGCGTAAAGGGCGCGTAGGCGGCTCGGTAAGTCTGGAGTGAAAGTCCTGCTTTTAAGGTGGGAATTGCTTTGGATACTGTCGGGCTTGAGTGCAGGAGAGGTTAGTGGAATTCCCAGTGTAGCGGTGAAATGCGTAGAGATTGGGAGGAACACCAGTGGCGAAGGCGACTAACTGGACTGTAACTGACGCTGAGGCGCGAAAGTGTGGGGAGCAAACAGGATTAGAAA","Bacteria","Bacillota","Clostridia","Christensenellales","Christensenellaceae",NA,NA
"GCGGTAATACGTAGGTGGCGAGCGTTGTCCGGAATTATTGGGCGTAAAGAGCATGTAGGCGGTTTTTTAAGTCTGGAGTGAAAATGCGGGGCTCAACCCCGTATGGCTCTGGATACTGGAAGACTTGAGTGCAGGAGAGGAAAGGGGAATTCCCAGTGTAGCGGTGAAATGCGTAGATATTGGGAGGAACACCAGTGGCGAAGGCGCCTTTCTGGACTGTGTCTGACGCTGAGATGCGAAAGCCAGGGTAGCGAACGGGATTAGAAA","Bacteria","Bacillota","Negativicutes","Acidaminococcales","Acidaminococcaceae",NA,NA
"GCGGTAATACGGAGGGTGCAAGCGTTACTCGGAATCACTGGGCGTAAAGGGCGCGTAGGCGGATTATCAAGTCTCTTGTGAAATCTAGGAGCTTAACTTCTAAACTGCTTGGGAAACTGATAATCTAGAGTGGGGGAGAGGCAGATGGAATTGGTGGTGTAGGGGTAAAATCCGTAGATATCACCAAGAATACCCATTGCGAAGGCGATCTGCTGGAACTTAACTGACGCTAATGCGCGAAAGCGTGGGGAGCAAACAGGATTAGAAA","Bacteria","Campylobacterota","Campylobacteria","Campylobacterales","Campylobacteraceae",NA,NA
"GCGGTAATACGTAGGTGGCGAGCGTTGTCCGGAATTATTGGGCGTAAAGGGAGCGCAGGCGGGATATCAAGTCTTTCTTAAAAGTGCGGGGCTCAACCCCGTGATGGGAAGGAAACTGGTATTCTTGAGTGCAGGAGAGGAAAGCGGAATTCCTAGTGTAGCGGTGAAATGCGTAGATATTAGGAGGAACACCAGTGGCGAAGGCGGCTTTCTGGACTGTAACTGACGCTGAGGCTCGAAAGCCAGGGGAGCGAACGGGATTAGAAA","Bacteria","Bacillota","Negativicutes","Veillonellales-Selenomonadales","Selenomonadaceae",NA,NA
"GCGGTAATACGTAGGGTGCAAGCGTTAATCGGAATTACTGGGCGTAAAGCGTGCGCAGGCGGTTGGGTAAGACAGATGTGAAATCCCCGGGCTTAACCTGGGAACTGCATTTGTGACTGTCCGACTGGAGTACGTCAGAGGGGGGTGGAATTCCGCGTGTAGCAGTGAAATGCGTAGATATGCGGAAGAACACCGATGGCGAAGGCAGCCCCCTGGGACGCAACTGACGCTCATGCACGAAAGCGTGGGGAGCAAACAGGATTAGAAA","Bacteria","Pseudomonadota","Gammaproteobacteria","Burkholderiales","Sutterellaceae",NA,NA
"GCGGTAATACGGAGGGTGCAAGCGTTAATCGGAATTACTGGGCGTAAAGCGCACGCAGGCGGTTTGTTAAGTCAGATGTGAAATCCCCGGGCTCAACCTGGGAACTGCATCTGATACTGGCAAGCTTGAGTCTCGTAGAGGGGGGTAGAATTCCAGGTGTAGCGGTGAAATGCGTAGAGATCTGGAGGAATACCGGTGGCGAAGGCGGCCCCCTGGACGAAGACTGACGCTCAGGTGCGAAAGCGTGGGGAGCAAACAGGATTAGAAA","Bacteria","Pseudomonadota","Gammaproteobacteria","Enterobacterales","Enterobacteriaceae",NA,NA
"GCGGTAATACGTAGGTGGCAAGCGTTGTCCGGATTTATTGGGCGTAAAGCGAGCGCAGGCGGTTTCTTAAGTCTGATGTGAAAGCCCCCGGCTCAACCGGGGAGGGTCATTGGAAACTGGGAGACTTGAGTGCAGAAGAGGAGAGTGGAATTCCATGTGTAGCGGTGAAATGCGTAGATATATGGAGGAACACCAGTGGCGAAGGCGGCTCTCTGGTCTGTAACTGACGCTGAGGCTCGAAAGCGTGGGGAGCAAACAGGATTAGAAA","Bacteria","Bacillota","Bacilli","Lactobacillales","Enterococcaceae",NA,NA
"GCGGTAATACGTAGGTGGCAAGCGTTATCCGGATTTACTGGGTGTAAAGGGTGTGTAGGCGGGACTGCAAGTCAGATGTGAAAATCATGGGCTCAACTCATGACCTGCATTTGAAACTGTGGTTCTTGAGAGTCGGAGGGGTAATCGGAATTCCCGGTGTAGCGGTGAAATGCGTAGATATCGGGAGGAACACCAGTGGCGAAGGCGGATTACTGGACGACCACTGACGCTGAGACACGAAAGCGTGGGGAGCAAACAGGATTAGAAA","Bacteria","Bacillota","Clostridia","Oscillospirales","UCG-010",NA,NA
"GCGGTAATACGGAGGATGCGAGCGTTATCCGGATTTATTGGGTTTAAAGGGTGCGTAGGTCGCCGATTAAGTCAGCGGTGAAATCCAGTGGCTCAACCATCGGACTGCCGTTGAAACTGGCCGGCTTGAGTATGATTGAGGCAGGCGGAATGCGTGGTGTAGCGGTGAAATGCATAGATATCACGCAGAACCCCGATTGCGAAGGCAGCTTGCCAAGCCATGACTGACACTGAAGCACGAAAGCGTGGGTATCAAACAGGATTAGAAA","Bacteria","Bacteroidota","Bacteroidia","Bacteroidales","Tannerellaceae",NA,NA
"GCGGTAATACGGAGGGTGCAAGCGTTAATCGGAATCACTGGGCGTAAAGCGCACGTAGGCTGTTATGTAAGTCAGGGGTGAAATCCCACGGCTCAACCGTGGAACTGCCCTTGATACTGCACGACTTGAATCCGGGAGAGGGTGGCGGAATTCCAGGTGTAGGAGTGAAATCCGTAGATATCTGGAGGAACATCAGTGGCGAAGGCGGCCACCTGGACCGGTATTGACGCTGAGGTGCGAAAGCGTGGGGAGCAAACAGGATTAGAAA","Bacteria","Thermodesulfobacteriota","Desulfovibrionia","Desulfovibrionales","Desulfovibrionaceae",NA,NA
"GCGGTAATACGTATGGGGCGAGCGTTATCCGGATTCATTGGGCGTAAAGCGCGCGTAGGCGGAGCGCTAAGCGGGACCTCTAACCCGAGGGCTCAACCCCCGGCCGGGTCCCGAACTGGCGCTCTCGAGTGCGGTAGGGGAGAGCGGAATTCCCGGTGTAGCGGTGGAATGCGCAGATATCGGGAAGAACACCGACGGCGAAGGCAGCTCTCTGGGCCGAAACTGACGCTGAGGCGCGAAAGCTGGGGGAGCGAACAGGATTAGAAA","Bacteria","Actinomycetota","Coriobacteriia","Coriobacteriales","Eggerthellaceae",NA,NA
"GCGGTAATACGGAGGATGCGAGCGTTATCCGGATTTATTGGGTTTAAAGGGTGCGTAGGCGGACTGTTAAGTCAGTGGTGAAAGGGTGTGGCTCAACCATACGATTGCCGTTGATACTGGTGGTCTTGAGTGTAAACGAGGTAGGCGGAATGTGATGTGTAGCGGTGAAATGCTTAGATATGTCACAGAACCCCGATTGCGAAGGCAGCTTACCAGGATACAACTGACGCTGAGGCACGAAAGCGTGGGTATCAAACAGGATTAGAAA","Bacteria","Bacteroidota","Bacteroidia","Bacteroidales","Bacteroidales RF16 group",NA,NA
"GCGGTAATACGTAGGGGGCGAGCGTTATCCGGATTCATTGGGCGTAAAGCGCTCGTAGGCTGCCCGCTAGGTCCGGGGTCAAATCCGGGGGCTCAACCCCCGCACGCCCCGGATACCGGCGGGCTTGAGTCGGGTAGGGGAAGGCGGAATTCCAGGTGTAGCGGTGGAATGCGCAGATATCTGGAAGAACACCGGTGGCGAAGGCGGCCTTCTGGGCCTCGACTGACGCTGAGGAGCGAAAGCTGGGGGAGCGAACAGGATTAGAAA","Bacteria","Actinomycetota","Coriobacteriia","Coriobacteriales","Atopobiaceae",NA,NA
"GCGGTAACACCGGCAGCTCTAGTGGTAGCAGTTTTTATTGGGCCTAAAGCGTCCGTAGCCGGTTTAATAAGTCTCTGGTGAAATCCTGCAGCTTAACTGTGGGAATTGCTGGAGATACTATTAGACTTGAGATCGGGAGAGGTTAGAGGTACTCCCAGGGTAGAGGTGAAATTCTGTAATCCTGGGAGGACCGCCTGTTGCGAAGGCGTCTGACTGGAACGATTCTGACGGTGAGGGACGAAAGCTAGGGGCGCGAACCGGATTAGAAA","Archaea","Methanobacteriota","Methanobacteria","Methanobacteriales","Methanobacteriaceae",NA,NA
"GCGGTAATACGTAGGGTGCGAGCGTTAATCGGAATTACTGGGCGTAAAGCGTGCGCAGGCGGTTGTGTAAGACAGATGTGAAATGCCCGGGCTTAACCTGGGAATTGCATTTGTGACTGCACGGCTAGAGTGTGTCAGAGGGGGGTAGAATTCCACGTGTAGCAGTGAAATGCGTAGATATGTGGAGGAATACCGATGGCGAAGGCAGCCCCCTGGGATAACACTGACGCTCATGCACGAAAGCGTGGGGAGCAAACAGGATTAGAAA","Bacteria","Pseudomonadota","Gammaproteobacteria","Burkholderiales","Oxalobacteraceae",NA,NA
"GCGGTAATACGGAGGGTGCGAGCGTTAATCGGAATAACTGGGCGTAAAGGGCACGCAGGCGGTGACTTAAGTGAGGTGTGAAAGCCCCGGGCTTAACCTGGGAATTGCATTTCATACTGGGTCGCTAGAGTACTTTAGGGAGGGGTAGAATTCCACGTGTAGCGGTGAAATGCGTAGAGATGTGGAGGAATACCGAAGGCGAAGGCAGCCCCTTGGGAATGTACTGACGCTCATGTGCGAAAGCGTGGGGAGCAAACAGGATTAGAAA","Bacteria","Pseudomonadota","Gammaproteobacteria","Enterobacterales","Pasteurellaceae",NA,NA
"GCGGTAATACGTAGGGGGCAAGCGTTGTCCGGAATTATTGGGCGTAAAGAGTACGTAGGCGGTCTGGTAAGCGCAAGGTGAAAGGCATAGGCTCAACCAATGTCAGCCTTGCGAACTGTCAGACTTGAGTGCAGGAGGGGAAAGTGGAATTCCTAGTGTAGCGGTGAAATGCGTAGATATTAGGAGGAACACCAGTGGCGAAGGCGACTTTCTGGACTGTAACTGACGCTGAGGTACGAAAGCGTGGGGAGCAAACAGGATTAGAAA","Bacteria","Bacillota","Clostridia","Peptostreptococcales-Tissierellales","Anaerovoracaceae",NA,NA
"GCGGTAATACGTATGTCGCAAGCGTTATCCGGATTTATTGGGCGTAAAGCGCGTCTAGGCGGAAAAATAAGTCTGATGTGAAAATGCGGGGCTCAACTCCGTATTGCGTTGGAAACTGTTTTTCTAGAGTACTGGAGAGGTGGGCGGAACTACAAGTGTAGAGGTGAAATTCGTAGATATTTGTAGGAATGCCGATGGAGAAGTCAGCTCACTGGACAGATACTGACGCTGAAGCGCGAAAGCGTGGGGAGCAAACAGGATTAGAAA","Bacteria","Fusobacteriota","Fusobacteriia","Fusobacteriales","Fusobacteriaceae",NA,NA
"GCGGTAATACGTAGGGGGCAAGCGTTATCCGGAATTATTGGGCGTAAAGGGTGCGTAGGCGGGTTATCAAGTCTTTGGTTAAAATGCGGTGCTCAACGCCGTAGTGCCAAAGAAACTGATAGTCTAGAGTATGGTAGAAGTGAGTGGAACTCCATGTGTAGCGGTAAAATGCGTAAATATATGGAAGAACACCAGTGGCGAAGGCGGCTCACTAGGCCAATACTGACGCTGAGACACGAAAGCGTGGGGAGCAAACAGGATTAGAAA","Bacteria","Bacillota","Bacilli","Acholeplasmatales","Acholeplasmataceae",NA,NA
"GCGGTAATACGTAGGTGGCGAGCGTTGTTCGGATTTATTGGGCGTAAAGGGTCTGTAGGAGGTTTGTTAAATACGAGGTGAAATCCGGGGGCTCAACTTCCGAATTGCCTTGTAGACTGATGAACTAGAGTACTGGAGAGGTAAGCGGAATACCAGGTGTAGCGGTGGAATGCGTAGATATCTGGTAGAACACCAATAGCGAAGGCAGCTTGCTGGACAGAAACTGACTCTGAAAGACGAAAGCATGGGGAGCAAACAGGATTAGAAA","Bacteria","Verrucomicrobiota","Lentisphaeria","Victivallales","Victivallaceae",NA,NA
"GCGGTAACACGTAGGTGGCGAGCGTTATTCGGATTCACTGGGCGTAAAGGGTCCGCAGGGGGCCCTCCAAGCCCGCCGTGAAATCCCGGGGCTCAACCCCGGGCGTGCGGCGGGGACTGGCGGGCTGGAGTGCGCGATGGGCAGACGGAACACCAGGTGTAGCGGTGGAATGCGTGGATATCTGGTGGAACACCGATGGCGAAGGCGGTCTGCTGGCGCGTCACTGACCCTCAGGGACGAAAGCGTGGGTAGCAAACAGGATTAGAAA","Bacteria","Verrucomicrobiota","Lentisphaeria","Oligosphaerales","Oligosphaeraceae",NA,NA
"GCGGTAATACAGAGGTCTCAAGCGTTGTTCGGAATCACTGGGCGTAAAGCGTGCGTAGGCTGTTTCGTAAGTCGTGTGTGAAAGGCGCGGGCTCAACCCGCGGACGGCACATGATACTGCGAGACTAGAGTAATGGAGGGGGAACCGGAATTCTCGGTGTAGCAGTGAAATGCGTAGATATCGAGAGGAACACTCGTGGCGAAGGCGGGTTCCTGGACATTAACTGACGCTGAGGCACGAAGGCCAGGGGAGCGAAAGGGATTAGAAA","Bacteria","Verrucomicrobiota","Verrucomicrobiia","Verrucomicrobiales","Akkermansiaceae",NA,NA
"GCGGTAATACGTAGGTGGCAAGCGTTGTCCGGATTTACTGGGTGTAAAGGGCGTGTAGGCGGGATTACAAGTCAGATGTGAAATACCGGGGCTTAACTCCGGGGCTGCATTTGAAACTGTAGTTCTTGAGTGCCGGAGAGGAAAGCGGAATTCCTAGTGTAGCGGTGAAATGCGTAGATATTAGGAGGAACACCAGTGGCGAAGGCGGCTTTCTGGACGGTAACTGACGCTGAGGCGCGAAAGCGTGGGGAGCAAACAGGATTAGAAA","Bacteria","Bacillota","Clostridia","Monoglobales","Monoglobaceae",NA,NA
"GCGGTAATACGGAGGATGCGAGCGTTATCCGGATTTATTGGGTTTAAAGGGTGCGTAGGCGGTTTATTAAGTTAGTGGTTAAATATTTGAGCTAAACTCAATTGTGCCATTAATACTGGTAAACTGGAGTACAGACGAGGTAGGCGGAATAAGTTAAGTAGCGGTGAAATGCATAGATATAACTTAGAACTCCGATAGCGAAGGCAGCTTACCAGACTGTAACTGACGCTGATGCACGAGAGCGTGGGTAGCGAACAGGATTAGAAA","Bacteria","Bacteroidota","Bacteroidia","Bacteroidales","Marinifilaceae",NA,NA
"GCGGTAATACGGAGACTGCGAGCGTTACTCGGATTCACTGGGCGTAAAGGGAGCGCAGGCGGGTGTATGTGTTGGTTGTGAAATCTCGGGGCTTAACCCCGAAACAGCAGTTGAAACTATACATCTAGAGTATTGGAGGGGTAAGCGGAATTTCTGGAGTAGCGGTGAAATGCGCAGATATCAGAAGGAACACCGAAGGCGAAGGCAGCTTACTGGACAATAACTGACGCTCAGGCTCGAAAGTGTGGGTAGCAAAAAGGATTAGAAA","Bacteria","Verrucomicrobiota","Verrucomicrobiia","Opitutales","Puniceicoccaceae",NA,NA
"GCGGTAATACGGAGGATTCGAGCGTTATCCGGATTTATTGGGTTTAAAGGGTGCGTAGGCGGTTAAATAAGTTTGAGGTAAAAGACCATTGCTCAACAGTGGCACGCCTTGAAAACTGTTTGACTAGGAAGTAAACGGCGCAGGCGGAATGAATCAAGTAGCGGTGACATGCATAGATATGATTCAGAACACCGATCGCGAAGGCAGCTTGCGAGGATACGATTGACGCTGATGCACGAAAGCGTGGGTATCGAACAGGATTAGAAA","Bacteria","Bacteroidota","Bacteroidia","Bacteroidales","p-2534-18B5 gut group",NA,NA
"GCGGTAATACGTAGGGGGCAAGCGTTATCCGGAATTACTGGGTGTAAAGGGTGCGTAGGCGGTATGGCAAGTTTGATGTGAAACCCACAGGCTTAACCTGTGGCTTGCATCGAAAACTACTGAACTAGAGTGCAGGAGAGGAAAGCGGAATTCCTAGTGTAGCGGTGAAATGCGTAGATATTAGGAAGAACACCAGTGGCGAAGGCGGCTTTCTGGACTGCAACTGACGCTGAGGCACGAAAGCGTGGGGAGCAAACAGGATTAGAAA","Bacteria","Bacillota","Clostridia","Lachnospirales","Defluviitaleaceae",NA,NA
"GCGGTAATACGTAGGGGGCGAGCGTTGTCCGGAATCACTGGGCGTAAAGGGCGCGTAGGCGGCCTAGTAAGTCAGATGTGAAAAGTGAGGGCTCAACCCTTAGAGTGCATCTGATACTGCTAGGCTTGAGTACAGAAGAGGAAAGCGGAATTCCTAGTGTAGCGGTGAAATGCGTAGATATTAGGAGGAACACCAGTGGCGAAGGCGGCTTTCTGGGCTGAAACTGACGCTGAGGCGCGAAAGCGTGGGGAGCAAACAGGATTAGAAA","Bacteria","Bacillota","Clostridia","Peptococcales","Peptococcaceae",NA,NA
"GCGGTAATACGAGGGGTGCGAGCGTTGTTCGGAATCACTGGGCGTAAAGGGAGCGTAGGCGGACCGCCAAGCGTTCTGTGCAATCCCGGGGCCCAACCCCGGACCCGCAGAGCGAACTGGCGGCCTTGAGTGGTCCAGAGGCCGGCGGAATTCCTGGTGTAGCGGTGGAATGCGTAGATATCAGGAAGAACACCGATGGCGAAGGCAGCCGGCTGGGGACCAACTGACGCTGAGGCTCGAAGGCGCGGGCAGCAAACAGGATTAGAAA","Bacteria","Fibrobacterota","Fibrobacteria","Fibrobacterales","Fibrobacteraceae",NA,NA
"GCGGTAATACCTGCAGCCCAAGTGGTGGTCGATTTTATTGAGTCTAAAACGTTCGTAGCCGGTCTGGTAAATCCTTGGGTAAATCGGGGAGCTCAACTTTCCGAATTCCGAGGAGACTGCCAGACTTGGGACCGGGAGAGGCTAGAGGTACTTCTGGGGTAGGGGTAAAATCCTGTAATCCTAGAAGGACCACCGGTGGCGAAGGCGTCTAGCTAGAACGGATCCGACGGTGAGGGACGAAGCCCTGGGTCGCAAACGGGATTAGAAA","Archaea","Thermoplasmatota","Thermoplasmata","Methanomassiliicoccales","Methanomethylophilaceae",NA,NA
"GCGGTAATACGGAGGATGCGAGCGTTATCCGGATTTATTGGGTTTAAAGGGTGCGTAGGCGGCACGCCAAGTCAGCGGTGAAATTTCCGGGCTCAACCCGGAATGTGCCGTTGAAACTGGCGAGCTAGAGTGCACAAGAGGCAGGCGGAATGCGTGGTGTAGCGGTGAAATGCATAGATATCACGCAGAACCCCGATTGCGAAGGCAGCCTGCTAGGGTGCGACAGACGCTGAGGCACGAAAGCGTGGGTATCGAACAGGATTAGAAA","Bacteria","Bacteroidota","Bacteroidia","Bacteroidales","Barnesiellaceae",NA,NA
"GCGGTAATACGTAGGAGGCAAGCGTTATCCGGAATTATTGGGCGTAAAGAGCATGTAGGCGGTTTATTAAGTCTGATGTGAAAGCCAATGGCCTAACCATTGAATTGCATTGGAAACTGGTAAACTAGAATACTGGAGAGGTAAGTGGAACTCCATGTGTAGCGGTGGAATGCGCAGATATATGGAAGAACACCAACGGCGAAGGCAGCTTACTGGACAGTGATTGACGCTGAGATGCGAAAGCGTGGGGAGCAAACAGGATTAGAAA","Bacteria","Bacillota","Bacilli","Mycoplasmatales","Mycoplasmataceae",NA,NA
"GCGGTAATACGTAGGGTGCAAGCGTTAATCGGAATTACTGGGCGTAAAGCGTGCGCAGGCGGTTTTGTAAGACAGAGGTGAAATCCCCGGGCTCAACCTGGGAACTGCCTTTGTGACTGCAAGGCTAGAGTACGGCAGAGGGGGATGGAATTCCGCGTGTAGCAGTGAAATGCGTAGATATGCGGAGGAACACCGATGGCGAAGGCAATCCCCTGGGCCTGTACTGACGCTCATGCACGAAAGCGTGGGGAGCAAACAGGATTAGAAA","Bacteria","Pseudomonadota","Gammaproteobacteria","Burkholderiales","Comamonadaceae",NA,NA
"GCGGTAATACGTAGGGAGCAAGCGTTATCCGGATTTATTGGGCGTAAAGCGCGCGTAGGCGGCTTGTTAAGCAAGATCTCAAATCTGGGGGCTCAACCTCCAGCCGGATTTTGAACTGGCAGGCTCGAGTTTGGTAGAGGAAAGTGGAATTCCCAGTGTAGCGGTGAAATGCGCAGATATTGGGAAGAACACCGATGGCGAAGGCAGCTTTCTGGGCCATAACTGACGCTGAGGTGCGAAAGCTAGGGGAGCAAACAGGATTAGAAA","Bacteria","Actinomycetota","Coriobacteriia","Coriobacteriales","Coriobacteriales Incertae Sedis",NA,NA
"GCGGTAATACGGAGGGTGCAAGCGTTAATCGGAATTACTGGGCGTAAAGCGCACGCAGGCGGTTTGTTAAGTCAGATGTGAAATCCCCGGGCTCAACCTGGGAACTGCATTTGAAACTGGCAAGCTAGAGTCTCGTAGAGGGGGGTAGAATTCCAGGTGTAGCGGTGAAATGCGTAGAGATCTGGAGGAATACCGGTGGCGAAGGCGGCCCCCTGGACGAAGACTGACGCTCAGGTGCGAAAGCGTGGGGAGCAAACAGGATTAGAAA","Bacteria","Pseudomonadota","Gammaproteobacteria","Enterobacterales","Yersiniaceae",NA,NA
"GCGGTAATACGGAGGGTGCAAGCGTTACTCGGAATCACTGGGCGTAAAGAGTGCGCAGGCGGGATAGCAAGTCAGATGTGAAATGCTATGGCTTAACCATAGAACTGCATTTGAAACTGCTATTCTAGAGTGTGGGAGAGGTAGGTGGAATTCTTGGTGTAGGGGTAAAATCCGTAGAGATCAAGAGGAATACTCATTGCGAAGGCGACCTACTGGAACATTACTGACGCTCATGCACGAAAGCGTGGGGAGCAAACAGGATTAGAAA","Bacteria","Campylobacterota","Campylobacteria","Campylobacterales","Helicobacteraceae",NA,NA
"GCGGTAATACGTAGGTGGCAAGCGTTGTCCGGATTTATTGGGCGTAAAGCGAGCGCAGGCGGTTCCTTAAGTCTGATGTGAAAGCCCCCGGCTCAACCGGGGAGGGTCATTGGAAACTGGGGAACTTGAGTGCAGAAGAGGAGAGTGGAATTCCATGTGTAGCGGTGAAATGCGTAGATATATGGAGGAACACCAGTGGCGAAGGCGACTCTCTGGTCTGTAACTGACGCTGAGGCTCGAAAGCGTGGGTAGCAAACAGGATTAGAAA","Bacteria","Bacillota","Bacilli","Lactobacillales","Carnobacteriaceae",NA,NA
"GCGGTAATACGTAGGTGGCGAGCGTTATCCGGAATTATTGGGCGTAAAGCGCGCGCAGGTGGTTTCTTAAGTCTGATGTGAAAGCCTACGGCTCAACCGTAGAATTGCATTGGAAACTGGGAGACTTGAGTGCAGAAGAGGAAAGTGGAATTCCACGTGTAGCGGTGAAATGCGTAGAGATGTGGAGGAACACCGGTGGCGAAGGCGACTTTCTGGTCTGCAACTGACACTGAGGCGCGAAAGCGTGGGGAGCAAACAGGATTAGAAA","Bacteria","Bacillota","Bacilli","Bacillales","Bacillaceae",NA,NA
"GCGGTAATACAGAGGTCCCAAGCGTTGTTCGGAATCACTGGGCGTAAAGGGTGCGTAGGCGGTGTGGTAAGACTTAGGTGAAATCCCTGTGCTCAACGCAGTGGGCTGCCTAAGAGACTGCCATGCTGGAGTAATGGAGGGGAGACTGGAATTCCTGGAGTAGCAGTGAAATGCGTAGATATCAGGAGGAACACCAGTGGCGAAGGCGAGTCTCTGGCCATTAACTGACGCTGAGGCACGAAGGCCAGGGGATCAAACGGGATTAGAAA","Bacteria","Verrucomicrobiota","Verrucomicrobiia","Pedosphaerales","Pedosphaeraceae",NA,NA
"GCGGTAATACGTAGGTGGCAAGCGTTGTCCGGATTTATTGGGCGTAAAGCGCGCGCAGGTGGTTTCTTAAGTCTGATGTGAAAGCCCACGGCTCAACCGTGGAGGGTCATTGGAAACTGGGAGACTTGAGTGCAGAAGAGGATAGTGGAATTCCAAGTGTAGCGGTGAAATGCGTAGAGATTTGGAGGAACACCAGTGGCGAAGGCGACTGTCTGGTCTGTAACTGACACTGAGGCGCGAAAGCGTGGGGAGCAAACAGGATTAGAAA","Bacteria","Bacillota","Bacilli","Bacillales","Planococcaceae",NA,NA
"GCGGTAATACGTAGGGCGCGAGCGTTGTCCGGAATTATTGGGCGTAAAGAGCTTGTAGGCGGTTTGTCGCGTCTGCTGTGAAAGGCCGGGGCTTAACCCCGTGTATTGCAGTGGGTACGGGCAGACTAGAGTGCAGTAGGGGAGACTGGAATTCCTGGTGTAGCGGTGGAATGCGCAGATATCAGGAGGAACACCGATGGCGAAGGCAGGTCTCTGGGCTGTAACTGACGCTGAGAAGCGAAAGCATGGGGAGCGAACAGGATTAGAAA","Bacteria","Actinomycetota","Actinobacteria","Micrococcales","Micrococcaceae",NA,NA
"GCGGTAATACGTAGGTGGCAAGCGTTGTCCGGATTTATTGGGCGTAAAGCGAGCGCAGGCGGTCTTTTAAGTCTGATGTGAAAGCCCTCGGCTCAACCGAGGAAGGTCATTGGAAACTGGAGGACTTGAGTGCAGAAGAGGAGAGTGGAATTCCATGTGTAGCGGTGAAATGCGTAGATATATGGAGGAACACCAGTGGCGAAGGCGACTCTCTGGTCTGTAACTGACGCTGAGGCTCGAAAGCGTGGGGAGCAAACAGGATTAGAAA","Bacteria","Bacillota","Bacilli","Lactobacillales","Vagococcaceae",NA,NA
"GCGGTAATACGTATGTTGCGAGCGTTATCCGGAATTATTGGGCTTAAAGGGCATCTAGGCGGTAAGACAAGTTGAAGGTGAAAACCTGTGGCTCAACCATAGGCTTGCCTACAAAACTGTTGAACTAGAGTACTGGAAAGGTGGGTGGAACTACACGAGTAGAGGTGAAATTCGTAGATATGTGTAGGAATGCCGATGATGAAGATAACTCACTGGACAGAAACTGACGCTGAAGTGCGAAAGCTAGGGGAGCAAACAGGATTAGAAA","Bacteria","Fusobacteriota","Fusobacteriia","Fusobacteriales","Leptotrichiaceae",NA,NA
"GCGGTAATACGTAGGGCGCGAGCGTTGTCCGGAATTATTGGGCGTAAAGGGCTTGTAGGCGGTTGGCCGCGTCTGCCGTGAAATCCTCTGGCTTAACTGGGGGCGTGCGGTGGGTACGGGTTGACTTGAGTGCGGTAGGGGAGACTGGAATTCCTGGTGTAGCGGTGGAATGCGCAGATATCAGGAGGAACACCGGTGGCGAAGGCGGGTCTCTGGGCCGTTACTGACGCTGAGGAGCGAAAGCGTGGGGAGCGAACAGGATTAGAAA","Bacteria","Actinomycetota","Actinobacteria","Actinomycetales","Actinomycetaceae",NA,NA
"GCGGTAATACGGAGGATACGAGCGTTATCCGGAATTATTGGGTTTAAAGGGTGCGTAGGTGGCGTATTAAGTCAGTGGTGAAAAGCTGCAGCTCAACTGTAGTCTTGCCGTTGAAACTGATATGCTAGAGAGGAGACGAGGTATGCGGAATGTGTGGTGTAGCGGTGAAATGCATAGATATCACACAGAACGCCGATTGCGAAGGCAGCGTACCAGGCTCCGTCTGACACTGAAGCACGAAAGCGTGGGGATCAAACAGGATTAGAAA","Bacteria","Bacteroidota","Bacteroidia","Bacteroidales","Porphyromonadaceae",NA,NA
"GCGGTAATACGGAGGGTGCAAGCGTTAATCGGAATTACTGGGCGTAAAGCGCACGCAGGCGGTTGATTGAGTCAGATGTGAAATCCCCGGGCTTAACCCGGGAATTGCATCTGATACTGGTCAGCTAGAGTCTTGTAGAGGGGGGTAGAATTCCATGTGTAGCGGTGAAATGCGTAGAGATGTGGAGGAATACCGGTGGCGAAGGCGGCCCCCTGGACAAAGACTGACGCTCAGGTGCGAAAGCGTGGGGAGCAAACAGGATTAGAAA","Bacteria","Pseudomonadota","Gammaproteobacteria","Enterobacterales","Morganellaceae",NA,NA
"GCGGTAATACGTAGGAGGCAAACGTTGCTCGGATTTACTGGGCGTAAAGGGTGAGTAGGCGGAACTATAAGTCTAAGGTGAAATATCGAAGCTCAACTTCGGAGACGCCTCGGATACTGTGGTTCTTGGATATTGTAGGGGATGATGGAATTCTCGGTGTAGCGGTGGAATGTATAGATATCGAGAAGAACACCTATAGCGAAGGCAGTCATCTGGGCATTTATCGACGCTGAATCACGAAAGCTGGGGGAGCAAACAGGATTAGAAA","Bacteria","Spirochaetota","Brachyspirae","Brachyspirales","Brachyspiraceae",NA,NA
"GCGGTAATACGTAGGGGGCAAGCGTTGTCCGGAATTACTGGGCGTAAAGGGCACGCAGGCGGCTCGGTCAGTCAGATGTGAAAGTTTGCAGCTTAACTGTAAAAGTGCATTTGATACTGCCGGGCTTGAGTCTCGGAGAGGTAAGCGGAATTCCTAGTGTAGTAGTGAAATGCGTAGAGATTAGGAAGAACACCGGCGGCGAAGGCGGCTTACTGGACGAGTACTGACGCTCAGGTGCGAAAGCGTGGGGAGCAAACAGGATTAGAAA","Bacteria","Bacillota","Clostridia","Eubacteriales","Anaerofustaceae",NA,NA
"GCGGTAATACGAAGGGTGCAAGCGTTAATCGGAATTACTGGGCGTAAAGCGCGCGTAGGTGGTTTGTTAAGTTGGAAGTGAAAGCCCCGGGCTCAACCTGGGAACTGCTTTCAAAACTGGCAAGCTAGAGTATGGCAGAGGGTGGTGGAATTTCCTGTGTAGCGGTGAAATGCGTAGATATAGGAAGGAACACCAGTGGCGAAGGCGACCACCTGGGCTAATACTGACACTGAGGTGCGAAAGCGTGGGGAGCAAACAGGATTAGAAA","Bacteria","Pseudomonadota","Gammaproteobacteria","Pseudomonadales","Pseudomonadaceae",NA,NA
"GCGGTAATACGGAGGATGCGAGCGTTATCCGGATTTATTGGGTTTAAAGGGTGCGTAGGCGGATGAATAAGTCAGTGGTGAAAGTTTGCAGCTTAACTGTAAAATTGCCGTTGAAACTGTTTATCTTGAGTGCAGTAGAGGTAAGCGGAATGTGTTGTGTAGCGGTGAAATGCTTAGATATGACACAGAACCCCAATTGCGAAGGCAGCTTACTAGAGTGTCACTGACGCTGAGGCACGAAAGCGTGGGTATCAAACAGGATTAGAAA","Bacteria","Bacteroidota","Bacteroidia","Bacteroidales","Paludibacteraceae",NA,NA
"GCGGTAATACGTAGGGTGCGAGCGTTGTCCGGAATTACTGGGCGTAAAGAGCTCGTAGGTGGTTTGTCGCGTCGTCTGTGAAATTCCGGGGCTTAACTCCGGGCGTGCAGGCGATACGGGCATAACTTGAGTGCTGTAGGGGAGACTGGAATTCCTGGTGTAGCGGTGAAATGCGCAGATATCAGGAGGAACACCGATGGCGAAGGCAGGTCTCTGGGCAGTAACTGACGCTGAGGAGCGAAAGCATGGGGAGCGAACAGGATTAGAAA","Bacteria","Actinomycetota","Actinobacteria","Mycobacteriales","Corynebacteriaceae",NA,NA
"GCGGTAATACGTAGGGTACGAGCGTTGTCCGGAATTATTGGGCGTAAAGAGCTCGTAGGTGGTTGGTCACGTCTGCTGTGGAAACGCAACGCTTAACGTTGCGCGTGCAGTGGGTACGGGCTGACTAGAGTGCAGTAGGGGAGTCTGGAATTCCTGGTGTAGCGGTGAAATGCGCAGATATCAGGAGGAACACCGGTGGCGAAGGCGGGACTCTGGGCTGTAACTGACACTGAGGAGCGAAAGCATGGGGAGCGAACAGGATTAGAAA","Bacteria","Actinomycetota","Actinobacteria","Micrococcales","Brevibacteriaceae",NA,NA
"GCGGTAATACGTAGGTGGCAAGCGTTATCCGGAATTATTGGGCGTAAAGCGCGCGTAGGCGGTTTCTTAAGTCTGATGTGAAAGCCCCCGGCTCAACCGGGGAGGGTCATTGGAAACTGGGGAACTTGAGTGCAGAAGAGGAGAGTGGAATTCCATGTGTAGCGGTGAAATGCGCAGAGATATGGAGGAACACCAGTGGCGAAGGCGGCTCTCTGGTCTGTAACTGACGCTGATGTGCGAAAGCGTGGGGATCAAACAGGATTAGAAA","Bacteria","Bacillota","Bacilli","Staphylococcales","Staphylococcaceae",NA,NA
"GCGGTAATACGTAGGGACCAAGCGTTGTTCGGATTTACTGGGCGTAAAGGGCGCGTAGGCGGCGTGTTAAGTCAGCTGTGAAATCTCCAAGCTTAACTTGGAACGGTCAGCTGATACTGATGTGCTAGAGTGCAGAAGGGGCAACCGGAATTCTTGGTGTAGCGGTGAAATGCGTAGATATCAAGAGGAACACCTGAGGTGAAGACGGGTTGCTGGGCTGACACTGACGCTGAGGCGCGAAAGCTAGGGTAGCAAACGGGATTAGAAA","Bacteria","Acidobacteriota","Blastocatellia","Blastocatellales","Blastocatellaceae",NA,NA
"GCGGTAATACAGAGGGTGCAAGCGTTAATCGGATTTACTGGGCGTAAAGCGCGCGTAGGTGGCCAATTAAGTCAAATGTGAAATCCCCGAGCTTAACTTGGGAATTGCATTCGATACTGGTTGGCTAGAGTATGGGAGAGGATGGTAGAATTCCAGGTGTAGCGGTGAAATGCGTAGAGATCTGGAGGAATACCGATGGCGAAGGCAGCCATCTGGCCTAATACTGACACTGAGGTGCGAAAGCATGGGGAGCAAACAGGATTAGAAA","Bacteria","Pseudomonadota","Gammaproteobacteria","Pseudomonadales","Moraxellaceae",NA,NA
"GCGGTAATACGTAGGGTGCGAGCGTTAATCGGAATTACTGGGCGTAAAGCGAGCGCAGACGGTTACTTAAGCAGGATGTGAAATCCCCGGGCTCAACCTGGGAACTGCGTTCTGAACTGGGTGACTAGAGTGTGTCAGAGGGAGGTAGAATTCCACGTGTAGCAGTGAAATGCGTAGAGATGTGGAGGAATACCGATGGCGAAGGCAGCCTCCTGGGATAACACTGACGTTCATGCTCGAAAGCGTGGGTAGCAAACAGGATTAGAAA","Bacteria","Pseudomonadota","Gammaproteobacteria","Burkholderiales","Neisseriaceae",NA,NA
"GCGGTAATACGTATGGGGCGAGCGTTGTCCGGAATTATTGGGCGTAAAGGGTACGTAGGCGGTTTTTTAAGTCAGGTGTGAAAGCGTGAGGCTTAACCTCATTAAGCACTTGAAACTGGAAGACTTGAGTGAAGGAGAGGAAAGTGGAATTCCTAGTGTAGCGGTGAAATGCGTAGATATTAGGAGGAATACCGGTGGCGAAGGCGACTTTCTGGACTTTTACTGACGCTCAGGTACGAAAGCGTGGGGAGCAAACAGGATTAGAAA","Bacteria","Bacillota","Clostridia","Peptostreptococcales-Tissierellales","Family XI",NA,NA
"GCGGTAATACGTAGGGAGCGAGCGTTGTCCGGAATTACTGGGCGTAAAGGGCGCGTAGGCGGCGCTTCAAGTCGTCTGTCAAAAGCCGAGGCTCAACCTCGGCGCGCAGACGAAACTGGAGAGCTTGAGAAGCAGAGAGGCAAACAGAATTCCTGGTGTAGCGGTGAAATGCGTAGATATCAGGAAGAATACCAGTGGCGAAGGCGGTTTGCTGGCTGCATACTGACGCTGAAGCGCGAAAGCCAGGGGAGCAAACGGGATTAGAAA","Bacteria","Synergistota","Synergistia","Synergistales","Synergistaceae",NA,NA
"GCGGTAATACGGAGGGTGCAAGCGTTAATCGGAATTACTGGGCGTAAAGCGCACGCAGGCGGTTGGATAAGTTAGATGTGAAAGCCCCGGGCTCAACCTGGGAATTGCATTTAAAACTGTCCAGCTAGAGTCTTGTAGAGGGGGGTAGAATTCCAGGTGTAGCGGTGAAATGCGTAGAGATCTGGAGGAATACCGGTGGCGAAGGCGGCCCCCTGGACAAAGACTGACGCTCAGGTGCGAAAGCGTGGGGAGCAAACAGGATTAGATA","Bacteria","Pseudomonadota","Gammaproteobacteria","Enterobacterales","Aeromonadaceae",NA,NA
"GCGGTAATACGTAGGTGGCAAGCGTTGTCCGGAATTATTGGGCGTAAAGCGCGCGCAGGTGGTTTAATAAGTCTGATGTGAAAGCCCACGGCTCAACCGTGGAGGGTCATTGGAAACTGTTAAACTTGAGTGCAGGAGAGAAAAGTGGAATTCCTAGTGTAGCGGTGAAATGCGTAGAGATTAGGAGGAACACCAGTGGCGAAGGCGGCTTTTTGGCCTGTAACTGACACTGAGGCGCGAAAGCGTGGGGAGCAAACAGGATTAGAAA","Bacteria","Bacillota","Bacilli","Staphylococcales","Gemellaceae",NA,NA
"GCGGTAATACGTAGGGCGCAAGCGTTGTCCGGAATTATTGGGCGTAAAGAGCTTGTAGGTGGCTTGTCGCGTCTGCCGTGAAAACCCGAGGCTCAACCTCGGGCGTGCGGTGGGTACGGGCAGGCTAGAGTGTGGTAGGGGAGACTGGAATTCCTGGTGTAGCGGTGAAATGCGCAGATATCAGGAAGAACACCGATGGCGAAGGCAGGTCTCTGGGCCATTACTGACACTGAGAAGCGAAAGCATGGGTAGCGAACAGGATTAGAAA","Bacteria","Actinomycetota","Actinobacteria","Micrococcales","Dermabacteraceae",NA,NA
"GCGGTAATACGTAGGGGACAAGCGTTGTCCGGATTTACTGGGCGTAAAGGGCACGCAGGCGGTTTTTTAAGTCAGATGTGAAAGGTACCGGCTCAACCGGTGACATGCATTTGAAACTGAAAGACTTGAGTATTGGAGAGGCAAGTGGAATTCCTAGTGTAGCGGTGAAATGCGTAGATATTAGGAGGAACACCGGTGGCGAAGGCGGCTTGCTGGACAAATACTGACGCTGAGGTGCGAAAGCGTGGGGAGCAAACAGGATTAGAAA","Bacteria","Bacillota","Clostridia","Eubacteriales","Eubacteriaceae",NA,NA
"GCGGTAATACGGAGGATGCAAGCGTTATCCGGATTTATTGGGTTTAAAGGGTGCGTAGGCGGCCTGTTAAGTCAGGGGTGAAATGTTGCGGCTTAACCGCAGAACTGCCTTTGAAACTGGCAGGCTTGAATAAAGTTGAGGTAGGCGGAATGTGGCAAGTAGCGGTGAAATGCATAGAGATGCCACAGAACACCGATTGCGAAGGCAGCTTACTAAGCTTTGATTGACGCTGAGGCACGAAAGCGTGGGGATCAAACAGGATTAGAAA","Bacteria","Bacteroidota","Bacteroidia","Sphingobacteriales","Sphingobacteriaceae",NA,NA
"GCGGTAATACGTAGGGGGCGAGCGTTGTCCGGAATGATTGGGCGTAAAGGGCGCGTAGGCGGCCTGCTAAGTCTGGAGTGAAAGTCCTGCTTTCAAGGTGGGAAGTGCTTTGGATACTGGTGGGCTGGAGTGCAGGAGAGGAAAGCGGAATTACCGGTGTAGCGGTGAAATGCGTAGATATTAGGAGGAACACCAGTGGCGAAGGCGGCTTACTGGACGATAACTGACGCTGAGGCTCGAAAGCGTGGGGAGCAAACAGGATTAGATA","Bacteria","Bacillota","Clostridia","Oscillospirales","UCG-011",NA,NA
"GCGGTAATACGGAGGGAGCTAGCGTTGTTCGGAATTACTGGGCGTAAAGCGCGCGTAGGCGGCTTTGTAAGTTAGAGGTGAAAGCCCGGGGCTCAACCCCGGAACTGCCTTTAAGACTGCATCGCTTGAATCCAGGAGAGGTGAGTGGAATTCCGAGTGTAGAGGTGAAATTCGTAGATATTCGGAAGAACACCAGTGGCGAAGGCGGCTCACTGGACTGGTATTGACGCTGAGGTGCGAAAGCGTGGGGAGCAAACAGGATTAGATA","Bacteria","Pseudomonadota","Alphaproteobacteria","Sphingomonadales","Sphingomonadaceae",NA,NA
"GCGGTAATACTTAGGTGGCAAGCGTTGTCCGGATTTATTGGGCGTAAAGGGAGCGCAGGCGGTGTATAAAGTCTGATGTGAAAGTCCACGGCTCAACCGTGGGATTGCATTGGAAACTGATACACTTGAGGATAGAAGAGGATAGTGGAATTCCATGTGTAGTGGTGAAATACGTAGATATATGGAGGAACACCAGTGGCGAAGGCGGCTATCTGGTCTATCACTGACGCTGAGGCTCGAAAGCATGGGGAGCAAACAGGATTAGAAA","Bacteria","Bacillota","Bacilli","Lactobacillales","Aerococcaceae",NA,NA
"GCGGTAATACGGAGGATCCAAGCGTTATCCGGAATCATTGGGTTTAAAGGGTCCGTAGGCGGGATAATAAGTCAGTGGTGAAAGTCTGCAGCTTAACTGTAGAATTGCCATTGAAACTGTTGTTCTTGAGTTATTATGAAGTGGTTAGAATGAGTAGTGTAGCGGTGAAATGCATAGATATTACTCAGAATACCGATTGCGAAGGCAGATCACTAATAATACACTGACGCTGATGGACGAAAGCGTAGGTAGCGAACAGGATTAGAAA","Bacteria","Bacteroidota","Bacteroidia","Flavobacteriales","Flavobacteriaceae",NA,NA
"GCGGTAATACCGGCAGCTCGAGTGATAGCCACTATTATTGGGCCTAAAGCGTCCGTAGCCGGCCGAACAGGTCCGTCGGGAAATCCACCCGCTCAACGGGTGGACGTCCGGCGGAAACCAGTCGGCTTGGGGCCGGGAGACCAGAGAGGTACGTCCGGGGTAGGAGTGAAATCCTGTAATCCTGGACGGACCACCGGTAGCGAAAGCGTCTCTGGAGAACGGACCCGACGGTGAGGGACGAAAGCTTGGGTCTCGAACCGGATTAGATA","Archaea","Halobacteriota","Halobacteria","Halobacterales","Halococcaceae",NA,NA
"GCGGTAAGACGGAGGATGCAAGCGTTATCCGGAATGATTGGGCGTAAAGCGTCCGCAGGTGGCAGTTCAAGTCTGCTGTCAAAGACCGGGGCTTAACTTCGGAAAGGCAGTGGAAACTGAACAGCTAGAGTATGGTAGGGGCAGAGGGAATTCCTGGTGTAGCGGTGAAATGCGTAGAGATCAGGAAGAACATCGGTGGCGAAGGCGCTCTGCTGGACCATAACTGACACTCAGGGACGAAAGCTAGGGGAGCGAATGGGATTAGAAA","Bacteria","Cyanobacteriota","Cyanobacteriia","Cyanobacteriales","Phormidiaceae",NA,NA
"GCGGTAATACGTAAGGGGCGAGCGTTGCTCGGAATTACTGGGCGTAAAGGGCGTGTAGGCGGTTTATTAGGCCGAGTGTGAAAGACCGAGGCTCAACTTCGGGAACGCGCTCGGAACCGATAGACTAGAATCTAGGGGAAGGTAGTGGAATTTCCTGTGTAGCGGTGGAATGCATAGATATGGGAAGGAACACCAAAGGCGAAGGCAGCTACCTATGCTAAGATTGACGCTGAGGCGCGAAAGTGTGGGGATCAAATAGGATTAGAAA","Bacteria","Spirochaetota","Brevinematia","Brevinematales","Brevinemataceae",NA,NA
"GCGGTAATACGTAGGGCGCAAGCGTTGTCCGGAATTATTGGGCGTAAAGAGCTCGTAGGCGGCTTGTCGCGTCTGTCGTGAAAGCCCACGGCTTAACTGTGGGTCTGCGGTGGATACGGGCAGGCTAGAGGCAGGTAGGGGAGAATGGAATTCCCGGTGTAGCGGTGAAATGCGCAGATATCGGGAGGAACACCGGTGGCGAAGGCGGTTCTCTGGGCCTGTACTGACGCTGAGGAGCGAAAGCGTGGGGAGCGAACAGGATTAGAAA","Bacteria","Actinomycetota","Actinobacteria","Streptosporangiales","Thermomonosporaceae",NA,NA
"GCGGTAATACGGAGGATGCGAGCGTTATCCGGATTTATTGGGTTTAAAGGGTGCGCAGGCGGGCTATTAAGTCAGCGGTGAAATCCGGTCGCTTAACGATCGAACTGCCGTTGAAACTGGCAGCCTTGAGTATGGATGAAGTAGGCGGAATTCGTTGTGTAGCGGTGACATGCATAGATATAACGAGGAACTCCGATTGCGTAGGCAGCTTACTAAACCATTACTGACGCTCAAGCACGAAAGCGTGGGGATCAAACAGGATTAGAAA","Bacteria","Bacteroidota","Bacteroidia","Bacteroidales","Dysgonomonadaceae",NA,NA
"GCGGTAATACGGAGGGTGCAAGCGTTAATCGGAATTACTGGGCGTAAAGCGCGCGTAGGTGGCGTGTCACGCCGGGTGTGAAAGCCCTGGGCTCAACCTGGGAATGGCATCCGGAACGGGCAGGCTAGAGTGCAGGAGAGGAAGGTGGAATTCCCGGTGTAGCGGTGAAATGCGTAGAGATCGGGAGGAATACCAGTGGCGAAGGCGGCCTTCTGGACTGACACTGACACTGAGGTGCGAAAGCGTGGGTAGCAAACAGGATTAGAAA","Bacteria","Pseudomonadota","Gammaproteobacteria","Pseudomonadales","Halomonadaceae",NA,NA
"GCGGTAATACGTATGGTGCAAGCGTTATCCGGATTTACTGGGTGTAAAGGGAGCGCAGGCGGTGCGGCAAGTCTGATGTGAAATCCCCGGGCTTAACCTGGGAACTGCATTTGTGACTGTCCGACTGGAGTACGTCAGAGGGGGGTGGAATTCCGCGTGTAGCAGTGAAATGCGTAGATATGCGGAAGAACACCGATGGCGAAGGCAGCCCCCTGGGACGCAACTGACGCTCATGCACGAAAGCGTGGGGAGCAGACAGGATTAGAAA","Bacteria","Pseudomonadota","Gammaproteobacteria","Burkholderiales","Chromobacteriaceae",NA,NA
"GCGGTAATACGTAGGGTGCGAGCGTTGTCCGGAATTATTGGGCGTAAAGGGCTCGTAGGCGGTTTGTCGCGTCGGAAGTGAAAACTCAGGGCTTAACCCTGTTCGTGCTTCCGATACGGGCAGACTAGAGGTAGGCAGGGGAGAACGGAATTCCTGGTGTAGCGGTGGAATGCGCAGATATCAGGAGGAACACCGGTGGCGAAGGCGGTTCTCTGGGCCTATTCTGACGCTGAGGAGCGAAAGCATGGGGAGCGAACAGGATTAGATA","Bacteria","Actinomycetota","Actinobacteria","Propionibacteriales","Nocardioidaceae",NA,NA
"GCGGTAATACGGAGGAGGCAAGCGTTATCCGGAATTATTGGGCGTAAAGCGTCCGCAGGTGGCTATTCAAGTCTGCGGTCAAAGACTGGGGCTTAACCCTGGAAAGGCCGTGGAAACTGAAGAGCTAGAGTGCAGTAGGGGTAGAGGGAATTCCCGGTGTAGCGGTGAAATGCGTAGAGCTCGGGAAGAACATCGGTGGCGAAAGCGCTCTGCTGGACTGCAACTGACACTCAGGGACGAAAGCTAGGGGAGCGAATGGGATTAGAAA","Bacteria","Cyanobacteriota","Cyanobacteriia","Cyanobacteriales","Coleofasciculaceae",NA,NA
"GCGGTAATACGTAGGGTGCAAGCGTTAATCGGAATTACTGGGCGTAAAGAGTGCGCAGGCGGTTTTGCAAGACCGATGTGAAATCCCCGGGCTTAACCTGGGAACTGCATTGGTGACTGCAAGGCTAGAGTGTGTCAGAGGGAGGTGGAATTCCGCATGTAGCAGTGAAATGCGTAGATATGCGGAGGAACACCGATGGCGAAGGCAGCCTCCTGGGATAACACTGACGCTCATGCACGAAAGCGTGGGGAGCAAACAGGATTAGAAA","Bacteria","Pseudomonadota","Gammaproteobacteria","Burkholderiales","Burkholderiaceae",NA,NA
"GCGGTAATACGAAGGGGGCTAGCGTTGTTCGGAATTACTGGGCGTAAAGCGCACGTAGGCGGACATTTAAGTCAGGGGTGAAATCCCGGAGCTCAACTCCGGAACTGCCTTTGATACTGGGTGTCTTGAGTATGGAAGAGGTTAGTGGAATTGCGAGTGTAGAGGTGAAATTCGTAGATATTCGCAGGAACACCAGTGGCGAAGGCGGCTAACTGGTCCATAACTGACGCTGAGGTGCGAAAGCGTGGGGAGCAAACAGGATTAGATA","Bacteria","Pseudomonadota","Alphaproteobacteria","Hyphomicrobiales","Rhizobiaceae",NA,NA
"GCGGTAATACGAAGGGTGCAAGCGTTACTCGGAATTACTGGGCGTAAAGCGTGCGTAGGTGGTTTGTTAAGTCTGATGTGAAAGCCCTGGGCTCAACCTGGGAATTGCATTGGATACTGGCAGGCTAGAGTGCGGTAGAGGGTAGTGGAATTCCCGGTGTAGCAGTGAAATGCGTAGAGATCGGGAGGAACATCTGTGGCGAAGGCGACTACCTGGACCAGCACTGACACTGAGGCACGAAAGCGTGGGGAGCAAACAGGATTAGAAA","Bacteria","Pseudomonadota","Gammaproteobacteria","Lysobacterales","Lysobacteraceae",NA,NA
"GCGGTAATACGTAGGGTGCGAGCGTTGTCCGGAATTACTGGGCGTAAAGAGCTCGTAGGCGGTTTGTCACGTCGTCTGTGAAATCCTCCAGCTTAACTGGGGGCGTGCAGGCGATACGGGCAGACTTGAGTACTACAGGGGAGACTGGAATTCCTGGTGTAGCGGTGAAATGCGCAGATATCAGGAGGAACACCGGTGGCGAAGGCGGGTCTCTGGGTAGTAACTGACGCTGAGGAGCGAAAGCATGGGTAGCGAACAGGATTAGAAA","Bacteria","Actinomycetota","Actinobacteria","Mycobacteriales","Dietziaceae",NA,NA
"GCGGTAATACGGAAGGTCCGGGCGTTATCCGGATTTATTGGGTTTAAAGGGAGCGTAGATGGTTTTTTAAGTCAGCTGTCAAATGTATGGGCTCAACCCTTATTATCAGTTGAAACTGTAAGACTTGAGTGCGGTGTGGGTACATGGAATTCGTGGTGTAGCGGTGAAATGCATAGATATCACGAAGAACTCCGAAAGCGTAGGCATTGTACCATAGCGCCACTGACATTGATGCTCGAAGGTGCGGGAATCAAACAGGATTAGATA","Bacteria","Bacteroidota","Bacteroidia","Bacteroidales","Incertae Sedis",NA,NA
"GCGGTAATACAGAGGGGGCAAGCGTTGTTCGGAATTACTGGGCGTAAAGGGCGCGTAGGCGGCCGCCTAAGTCAGACGTGAAATCCCTCGGCTCAACCGGGGAACTGCGTCTGATACTGGGTGGCTTGAATCCGGGAGAGGGATGCGGAATTCCAGGTGTAGCGGTGAAATGCGTAGATATCTGGAGGAACACCGGTGGCGAAGGCGGCATCCTGGACCGGCATTGACGCTGAGGCGCGAAAGCCAGGGGAGCAAACGGGATTAGATA","Bacteria","Acidobacteriota","Vicinamibacteria","Vicinamibacterales","Vicinamibacteraceae",NA,NA
"GCGGTAATACGTAGGTGGCAAGCGTTGTCCGGAATTATTGGGTGTAAAGGGAGCGTAGGCGGGTGTGCAAGTTGAATGTGAAAGCAATCGGCTTAACTGGTTGTTGCGTTCAAAACTGCATATCTTGAGTGAAGTAGAGGCAGGCGGAATTCCTAGTGTAGCGGTGAAATGCGTAGATATTAGGAGGAACACCAGTGGCGAAGGCGGCCTGCTGGGCTTTTACTGACGCTGAGGCTCGAAAGCGTGGGTAGCAAACAGGATTAGAAA","Bacteria","Bacillota","Clostridia","Oscillospirales","Ethanoligenenaceae",NA,NA
"GCGGTAATACGTAGGGTGCGAGCGTTGTCCGGAATTATTGGGCGTAAAGAGCTCGTAGGCGGCGTGTCACGTCGGATGTGAAAGCCCGGGGCTTAACCCCGGGTCTGCATTCGATACGGGCAGGCTAGAGTTCGGTAGGGGAGATCGGAATTCCTGGTGTAGCGGTGAAATGCGCAGATATCAGGAGGAACACCGGTGGCGAAGGCGGATCTCTGGGCCGATACTGACGCTGAGGAGCGAAAGCGTGGGGAGCGAACAGGATTAGAAA","Bacteria","Actinomycetota","Actinobacteria","Kitasatosporales","Streptomycetaceae",NA,NA
"GCGGTAAGACGTAGGGGGCGAGCGTTGTCCGGAATTACTGGGCGTAAAGAGCACGTAGGCGGAAACTTAAGTCCATTGTGAAAGACCGGGGCTCAACCCCGGGGTTGCAGTGGAAACTGAATTTCTTGAGGGCAGGAGAGGAAAGCGGAATTCCTGGTGTAGCGGTGAAATGCGTAGAAATCAGGAGGAACACCGGTGGCGAAGGCGGCTTTCTGGACTGACCCTGACGCTGAGGTGCGAAAGCGTGGGTAGCAAACAGGATTAGAAA","Bacteria","Bacillota","Syntrophomonadia","Syntrophomonadales","Syntrophomonadaceae",NA,NA
"GCGGTAATACGGAGGGTGCAAGCGTTATCCGGATTCACTGGGTTTAAAGGGTGCGTAGGTGGGTTGGTAAGTCAGTGGTGAAATCCCCGAGCTTAACTTGGGAACTGCCATTGATACTATCAGTCTTGAATACCGTGGAGGTCAGCGGAATATGTCATGTAGCGGTGAAATGCTTAGATATGACATAGAACACCAATTGCGAAGGCAGCTGGCTACACGATTATTGACACTGAGGCACGAAAGCGTGGGGATCAAACAGGATTAGAAA","Bacteria","Bacteroidota","Bacteroidia","Chitinophagales","Chitinophagaceae",NA,NA
"GCGGTAATACGTAGGGACCTAGCGTTGTCCGGAATCATTGGGCGTAAAGCGCGCGTAGGCGGCCCGGTAAGTCCGTTGTAAAAGTCAAAGGCTCAACCTTTGAAAGCCGATGGATACTGCCGGGCTAGAGTCCGGAAGAGGCGAGTAGAATTCCTGGTGTAGCGGTGGAATGCGCAGATATCAGGAGGAATACCCATAGCGAAGGCAGCTCGCTGGGACGGTACTGACGCTGAGGCGCGAAAGCGTGGGGAGCGAACAGGATTAGAAA","Bacteria","Actinomycetota","Thermoleophilia","Solirubrobacterales","67-14",NA,NA
"GCGGTAATACGTAGGGGGCTAGCGTTGCTCGGAATTACTGGGCGTAAAGGGAGCGTAGGCGGACATTTAAGTCAGGGGTGAAATCCCAGAGCTCAACTCTGGAACTGCCTTTGATACTGGGTGTCTTGAGTGTGAGAGAGGTATGTGGAACTCCGAGTGTAGAGGTGAAATTCGTAGATATTCGGAAGAACACCAGTGGCGAAGGCGACATACTGGCTCATTACTGACGCTGAGGCTCGAAAGCGTGGGGAGCAAACAGGATTAGAAA","Bacteria","Pseudomonadota","Alphaproteobacteria","Caulobacterales","Caulobacteraceae",NA,NA
"GCGGTAATACGGAGGGTGCAAGCGTTAATCGGAATTACTGGGCGTAAAGCGCGCGTAGGCGGCTGATTAAGTCGGATGTGAAAGCCCCGGGCTCAACCTGGGAACTGCATACGATACTGGTCGGCTAGAGTATGAGAGAGGGAGGTAGAATTCCACGTGTAGCGGTGAAATGCGTAGATATGTGGAGGAATACCGGTGGCGAAGGCGGCCTCCTGGCTTAATACTGACGCTGAGGTGCGAAAGCGTGGGGAGCAAACAGGATTAGATA","Bacteria","Pseudomonadota","Gammaproteobacteria","Pseudomonadales","Pseudohongiellaceae",NA,NA
"GCGGTAATACGGAGGGGACTAGCGTTGTTCGGAATTACTGGGCGTAAAGCGCACGTAGGCGGATTCGCAAGTTAGGGGTGAAATCCCGGGGCTCAACCCCGGAACTGCCCTTAAAACTGCGGATCTAGAGTTCGAGAGAGGTGAGTGGAATTGTGAGTGTAGAGGTGAAATTCGTAGATATTCACAGGAACATCAGTGGCGAAGGCGGCTCACTGGCTCGATACTGACGCTGAGGTGCGAAAGTGTGGGGAGCAAACAGGATTAGAAA","Bacteria","Pseudomonadota","Alphaproteobacteria","Rhodobacterales","Paracoccaceae",NA,NA
"GCGGTAAGACGTAGGGCGCGAGCGTTGTCCGGATTTATTGGGCGTAAAGAGCTCGTAGGCGGCTTGTCGCGTCGACTGTGAAAACCCGCGGCTCAACCGCGGGCTTGCAGCCGATACGGGCAGGCTAGAGTTCGGTAGGGGAGACTGGAATTCCTGGTGTAGCGGTGAAATGCGCAGATATCAGGAGGAACACCGATGGCGAAGGCAGGTCTCTGGGCCGATACTGACGCTGAGGAGCGAAAGCGTGGGGAGCGAACAGGATTAGAAA","Bacteria","Actinomycetota","Actinobacteria","Micromonosporales","Micromonosporaceae",NA,NA
"GCGGTAATACGGAGGATGCAAGCGTTATCCGGAATGATTGGGCGTAAAGCGTCCGCAGGTGGCTGTGTAAGTCTGCTGTCAAAGAGCAAAGCTCAACTTTGTAAAGGCAGTGGAAACTACACGGCTAGAGTGCGTTCGGGGCAGAGGGAATTCCTGGTGTAGCGGTGAAATGCGTAGAGATCAGGAAGAACACCGGTGGCGAAGGCGCTCTGCTAGGCCGCAACTGACACTGAGGGACGAAAGCTAGGGGAGCGAATGGGATTAGAAA","Bacteria","Cyanobacteriota","Cyanobacteriia","Cyanobacteriales","Nostocaceae",NA,NA
"GCGGTAATACGAAGGGGGCTAGCGTTGCTCGGAATGACTGGGCGTAAAGGGCGTGTAGGCGGTTTGTACAGTCAGATGTGAAATCCCCGGGCTTAACCTGGGAGCTGCATTTGATACGTGCAGACTAGAGTGTGAGAGAGGGTTGTGGAATTCCCAGTGTAGAGGTGAAATTCGTAGATATTGGGAAGAACACCGGTGGCGAAGGCGGCAACCTGGCTCATGACTGACGCTGAGGCGCGAAAGCGTGGGGAGCAAACAGGATTAGAAA","Bacteria","Pseudomonadota","Alphaproteobacteria","Acetobacterales","Acetobacteraceae",NA,NA
"GCGGTAATACGGAGGATCCGAGCGTTATCCGGATTTATTGGGTTTAAAGGGTGCGTAGGCGGCCTTTTAAGTCAGCTGTGAAATTTTCCGGCTCAACCGGGAAACTGCAGTTGATACTGGCGTCCTTGAGTACAGTAGAGGCAGGCGGAATTCGTGGTGTAGCGGTGAAATGCGTAGAGATTAGGAAGAACACCGGTGGCGAAGGCGACTTTCTGGACGACAACTGACGCTGAGGCGCGAAAGCGTGGGGAGCAAACAGGATTAGAAA","Bacteria","Bacteroidota","Bacteroidia","Cytophagales","Cyclobacteriaceae",NA,NA
"GCGGTAATACGTAGGCAGCGAGCGTTGTTCGGAGTTACTGGGCGTAAAGAGTGCGTAGGCGGTTTTCTAAGTTTGGTGTGAAATCTCCCGGCTTAACTGGGAGGGTGCGCCGAAGACTGGAAGGCTTGAGTATGGGAGAGGTAAGCGGAATTCCTGGTGTAGCGGTGAAATGCGTAGATATCAGGAGGAACACCTGCGGTGTAGACGGCTTACTGGACCATAACTGACGCTGAGGCACGAAAGCGTGGGTAGCAAACAGGATTAGAAA","Bacteria","Acidobacteriota","Acidobacteriae","Bryobacterales","Bryobacteraceae",NA,NA
"GACGGAGGAGGCAAGCGTTATCCGGAATTATTGGGCGTAAAGCGTCCGCAGGCGGCTTATTAAGTCTGTTGTCAAAGGTCACAGCTCAACTGTGGATCGGCAATGGAAACTGGTGAGCTAGAGTGTGGTAGGGGTAGAGGGAATTCCCGGTGTAGCGGTGAAATGCGTAGATATCGGGAAGAACACCAGTGGCGAAGGCGCTCTACTGGGCCACAACTGACGCTGAGGGACGAAAGCTAGGGGAGCGAAAGGGATTAGAAA","Bacteria","Cyanobacteriota","Cyanobacteriia","Phormidesmiales","Nodosilineaceae",NA,NA
"GCGGTAATACGTAGGGTGCGAGCGTTAATCGGAATTACTGGGCGTAAAGCGTGCGTAGGCGGTTTGCCGTGTCCTGTGTGAAAGCCCCGGGCTCAACCTGGGAATTGCATGGGAAACTGGCAGGCTTGAGTGTGGCAGAGGAGGGTGGAATTCCGCGTGTAGCAGTGAAATGCGTAGAGATGCGGAGGAACACCGATGGCGAAGGCAGCCCTCTGGGCCAACACTGACGCTCAGGCACGAAAGCGTGGGGAGCAAACAGGATTAGAAA","Bacteria","Pseudomonadota","Gammaproteobacteria","Burkholderiales","SC-I-84",NA,NA
"GCGGTAATACGTAGGGAGCGAGCGTTGTCCGGAATTACTGGGTGTAAAGGGAGAGTAGGCGGGACGGTAAGTTAGGTGTGAAAACTACGGGCTCAACCCATAGACTGCACTTAAAACTGCTGTTCTTGAGTGCACGCAACGCAGGCGGAATTCGTGGTGTAGCGGTGAAATGCTTAGATATCACGAAGAACTCCGATTGCGAAGGCAGCTGACAAGGCTACAACTGACGCTAAAGCTCGAAAGTGCGGGTATCGAACAGGATTAGATA","Bacteria","Bacteroidota","Bacteroidia","Bacteroidales","RH-aaj90h05",NA,NA
"GCGGTAATACGGAGGGTGCAAGCGTTGTTCGGAATTATTGGGCGTAAAGCGCGTGTAGGCGGTCTTTTAAGTCTGATGTGAAAGCCCCGGGCTCAACCTGGGAAGTGCATTGGAAACTGGGAGGCTTGAGTACGGGAGAGGAGAGTGGAATTCCTAGTGTAGGAGTGAAATCCGTAGATATTAGGAGGAACACCGGTGGCGAAGGCGGCTCTCTGGACCGATACTGACGCTGAGACGCGAAAGCGTGGGTAGCAAACAGGATTAGAAA","Bacteria","Thermodesulfobacteriota","Desulfuromonadia","Geobacterales","Geobacteraceae",NA,NA
"GCGGTAATACGTAGGGTGCAAGCGTTGTCCGGAATTATTGGGCGTAAAGAGCTCGTAGGCGGTCTGTCGCGTCGGCTGTGAAAACCCGGAGCTCAACTCCGGGCCTGCAGTCGATACGGGCAAACTGGAGTGTTGCAGGGGAGACTGGAATTCCTGGTGTAGCGGTGAAATGCGCAGATATCAGGAGGAACACCGGTGGCGAAGGCGGGTCTCTGGGCAACAACTGACGCTGAGGAGCGAAAGCGTGGGGAGCGAACAGGATTAGAAA","Bacteria","Actinomycetota","Actinobacteria","Frankiales","Geodermatophilaceae",NA,NA
"GCGGTAATACGTAGGGTGCGAGCGTTGTCCGGAATTATTGGGCGTAAAGAGCTTGTAGGCGGTTTGTCGCGTCTGCTGTGAAAGCCCGAGGCTCAACCTCGGGTCTGCAGTGGGTACGGGCAGACTAGAGTGCGGTAGGGGAGATTGGAACTCCTGGTGTAGCGGTGGAATGCGCAGATATCAGGAAGAACACCGATGGCGAAGGCAGATCTCTGGGCCGTTACTGACGCTGAGAAGCGAAAGCGTGGGGAGCGAACAGGATTAGATA","Bacteria","Actinomycetota","Actinobacteria","Micrococcales","Microbacteriaceae",NA,NA
"GCGGTAATACGGAGGATGCAAGCGTTATCCGGATTTATTGGGTTTAAAGGGTCCGTAGGCGGGCTAATAAGTCAGTGGTGAAATCAAGCAGCTTAACTGTTTAACTGCCATTGATACTGTTAGTCTTGAGTGAATTTGAAGTTGCCGGAATATGTAGTGTAGCGGTGAAATGCATAGATATTACATAGAACACCTATTGCGAAGGCAGGTAACTAAGATTTAACTGACGCTGATGGACGAAAGCGTGGGGAGCGAACAGGATTAGAAA","Bacteria","Bacteroidota","Bacteroidia","Flavobacteriales","Weeksellaceae",NA,NA
"GCGGTAATACGAAGGGGGCTAGCGTTGCTCGGAATCACTGGGCGTAAAGCGCACGTAGGCGGATCTTTAAGTCAGGGGTGAAATCCCAAGGCTCAACCTTGGAACTGCCTTTGATACTGGGGATCTCGAGTCCGGAAGAGGTTGGTGGAACTGCGAGTGTAGAGGTGAAATTCGTAGATATTCGCAAGAACACCAGTGGCGAAGGCGGCCAACTGGTCCGGTACTGACGCTGAGGCACGAAAGCGTGGGTAGCAAACAGGATTAGAAA","Bacteria","Pseudomonadota","Alphaproteobacteria","Hyphomicrobiales","Hyphomicrobiales Incertae Sedis",NA,NA
"GCGGTAATACGAAGGGGACTAGCGTTGTTCGGAATCACTGGGCGTAAAGCGCACGTAGGCGGAATTGTAAGTCAGGGGTGAAATCCCGGGGCTCAACCTCGGAACTGCCTTTGATACTGCGATTCTCGAGTCCGATAGAGGTGGGTGGAATTCCTAGTGTAGAGGTGAAATTCGTAGATATTAGGAAGAACACCGGTGGCGAAGGCGGCCCACTGGATCGGTACTGACGCTGAGGTGCGAAAGCGTGGGGAGCAAACAGGATTAGATA","Bacteria","Pseudomonadota","Alphaproteobacteria","Hyphomicrobiales","Hyphomicrobiaceae",NA,NA
"GCGGTAATACGGAGGGTCCAAGCGTTATCCGGATTTATTGGGTTTAAAGGGTGCGCAGGCGGATCGGTAAGTCAAGGGTGAAAAGCTACTGCTTAACAGTAGTCGTGCCAATGATACTGCCGGACTAGAGTGTAAGAGGTGTAACTGGAATGTGATGTGTAGCGGTGAAATGCTTAGATATGTCACAGAACGCCGATCGTGAAGACAGGTTACAAACTTACAACTGACGCTCAAGCACGAAAGCGTGGGGATCAAACAGGATTAGAAA","Bacteria","Bacteroidota","Bacteroidia","Bacteroidales","M2PB4-65 termite group",NA,NA
"GCGGTAATACGAAGGGGGCGAGCGTTGTTCGGAATTACTGGGCGTAAAGCGTACGTAGGCGGTGTGTTAAGCAAGATGTGAAAGCCCCGGGCTCAACCTGGGAATTGCATTTTGAACTGGCACGCTAGGGTCCTGAAGAGGGTGGTAGAATTTCCAGTGTAGCGGTGAAATGCGTAGATATTGGAAGGAATACCGGTGGCGAAGGCGGCCACCTGGTCAGAGACTGACGCTGAGGTACGAAAGCGTGGGGAGCAAACAGGATTAGAAA","Bacteria","Pseudomonadota","Gammaproteobacteria","Enterobacterales","Idiomarinaceae",NA,NA
"GCGGTAATACGGAGGGTGCAAGCGTTGTCCGGAATTATTGGGCGTAAAGGGTGTGCAGGCGGAAGCCTAAGTCGAGGGTGAAATCTTACCGCTTAACGGTAAAAGGGCCCCCGATACTGGGTTTCTTGAGTTCGGAAGAGGTTGGTGGAATTCGTGGTGTAGCGGTGAAATGCATAGATATCACGAAGAACACCGGTGGCGAAGGCGGCCAACTGGTCCGACACTGACGCTGAGACACGAAAGCGTGGGGAGCGAACAGGATTAGATA","Bacteria","Balneolota","Balneolia","Balneolales","Balneolaceae",NA,NA
"GCGGTAATACAGAGACTGCAAGCGTTATTCGGATTCACTGGGCGTAAAGGGTGCGCAGGCGGCCGTGTGTGTCAGGTGTGAAAGCCCGGAGCTTAACTCCGGAATTGCGCCTGAAACTACATGGCTAGAGCATTGGAGAGGGTAGCGGAATTCACGGTGTAGCAGTGAAATGCGTAGATATCGTGAGGAACACCAGAGGCGAAGGCGGCTACCTGGACAATTGCTGACGCTCAGGCACGAAAGCGTGGGGAGCAAAAGGGATTAGAAA","Bacteria","Verrucomicrobiota","Verrucomicrobiia","Opitutales","Opitutaceae",NA,NA
"GCGGTAATACAGAGGGTGCAAGCGTTGTTCGGAATTATTGGGCGTAAAGCGCGTGTAGGCGGCTTTGCAAGTCGGGTGTGAAAGCCCTCAGCTCAACTGAGGAAGTGCGCCCGAAACTGCATGGCTCGAGTACCGGAGAGGATGGTGGAATTCCCGAAGTAGAGGTGAAATTCGTAGATATCGGGAGGAACACCGGTGGCGAAGGCGACCATCTGGACGGATACTGACGCTGAGACGCGAAAGCGTGGGTAGCAAACAGGATTAGAAA","Bacteria","Myxococcota","Myxococcia","Myxococcales","Myxococcaceae",NA,NA
"GCGGTAATACGTAGGGGGCAAGCGTTGTCCGGATTTATTGGGCGTAAAGAGCGTGTAGGCGGCCGCACAGGTCCGTTGTGAAAACTGGAGGCTTAACCTTCAGACGTCGATGGAAACCGTGCGGCTAGAGTCCGGAAGAGGAGAATGGAATTCCTGGTGTAGCGGTGAAATGCGCAGATATCAGGAAGAACACCCGTGGCTAAGGCGGTTCTCTAGTACGGTACTGACGCTGAGACGCGAAAGCGTGGGGAGCGAACAGGATTAGAAA","Bacteria","Actinomycetota","Thermoleophilia","Gaiellales","Gaiellaceae",NA,NA
"GCGGTAATACGGAGGGTGCAAGCGTTAATCGGAATTACTGGGCGTAAAGGGCGCGTAGGTGGTACTTTAAGTTGGGTGTGAAATCCCCGGGCTCAACCTGGGAATTGCATCCAAAACTGGAGTGCTAGAGTGTGGTAGAGGGTAGCGGAATTTCTGGTGTAGCGGTGAAATGCGTAGATATCAGAAGGAACATCAATGGCGAAGGCAGCTACCTGGGCCAACACTGACGCTGAGGCGCGAAAGCATGGGGAGCAAACAGGATTAGAAA","Bacteria","Pseudomonadota","Gammaproteobacteria","Cardiobacteriales","Wohlfahrtiimonadaceae",NA,NA
"GCGGTAATACGTAGGGTGCGAGCGTTGTCCGGATTTATTGGGTTTAAAGGGTGCGTAGGCGGCTGTTTAAGTCCGGGGTGAAAGCCCGTTGCTCAACAACGGAACTGCCCTGGATACTGGACAGCTTGAGACTAGTGGAGGTTGGCGGAATGGACCGAGTAGCGGTGAAATGCATAGATACGGTCCAGAACCCCGATTGCGAAGGCAGCTGACTACACTAGGACTGACGCTGAGGCACGACAGCGTGGGGAGCGAACAGGATTAGAAA","Bacteria","Bacteroidota","Bacteroidia","Cytophagales","Hymenobacteraceae",NA,NA
"GCGGTAATACGGAGGGTGCGAGCGTTAATCGGAATTACTGGGCGTAAAGCGCATGCAGGTGGTTCATTAAGTCAGATGTGAAAGCCCGGGGCTCAACCTCGGAACTGCATTTGAAACTGGTGAACTAGAGTGCTGTAGAGGGGGGTAGAATTTCAGGTGTAGCGGTGAAATGCGTAGAGATCTGAAGGAATACCAGTGGCGAAGGCGGCCCCCTGGACAGACACTGACACTCAGATGCGAAAGCGTGGGGAGCAAACAGGATTAGAAA","Bacteria","Pseudomonadota","Gammaproteobacteria","Enterobacterales","Vibrionaceae",NA,NA
"GCGGTAATACGGAGGGTGCAAGCGTTATTCGGAATCACTGGGCGTAAAGCGTGCGTAGGCGGCGAGGTAAGTCAGGTGTGAAATCCCACGGCTCAACCGTGGAACTGCACTTGAAACTGCTTTGCTTGAGTACTGGAGGGGATGGCGGAATTCCTGGTGTAGGAGTGAAATCCGTAGATATCAGGAGGAACACCAGTGGCGAAGGCGGCCATCTGGACAGTAACTGACGCTGAGGTACGAAAGCGTGGGGAGCAAACAGGATTAGATA","Bacteria","Thermodesulfobacteriota","Desulfovibrionia","Desulfovibrionales","Desulfomicrobiaceae",NA,NA
"GCGGTAATACGTAGGGTGCAAGCGTTAATCGGAATTACTGGGCGTAAAGCGTGCGCAGGCGGTTCGGAAAGAAAGATGTGAAATCCCAGGGCTTAACCTTGGAACTGCATTTTTAACTACCGGGCTAGAGTGTGTCAGAGGGAGGTGGAATTCCGCGTGTAGCAGTGAAATGCGTAGATATTAGGAGGAACACCAGTGGCGAAGGCGGCTTACTGGACGGTAACTGACGTTGAGGCTCGAAAGCGTGGGGAGCAAACAGGATTAGATA","Bacteria","Pseudomonadota","Gammaproteobacteria","Burkholderiales","Alcaligenaceae",NA,NA
"GCGGTAATACGGAAGGTCCGGGCGTTATCCGGATTTACTGGGTGTAAAGGGAGCGCAGGCGGTGCGGCAAGTCAGAGGTGAAAGGCTACGGCTCAACCGTAGTAAGCCTTTGAAACTGGGAAACTTGAGTGCAGGAGAGGAGAGTGGAATTCCTAGTGTAGCGGTGAAATGCGTAGATATCGGGAGGAACACCAGTGGTGAAGGCGAGTTACTGGACGATACCTGACGCTGAGACACGAAAGTGTGGGGAGCAAACAGGATTAGATA","Bacteria","Bacillota","Clostridia","Peptostreptococcales-Tissierellales","Tindalliaceae",NA,NA
"GCGGTAATACGAAGGGGGCTAGCGTTGTTCGGAATCACTGGGCGTAAAGCGCACGTAGGCGGACATTTAAGTCAGGGGTGAAAGCCTGGAGCTCAACTCCAGAACTGCCCTTGATACTGGGTGTCTCGAGTCCGGAAGAGGTAAGTGGAACTGCGAGTGTAGAGGTGAAATTCGTAGATATTCGCAAGAACACCAGTGGCGAAGGCGGCTTACTGGTCCGGTACTGACGCTGAGGTGCGAAAGCGTGGGGAGCAAACAGGATTAGAAA","Bacteria","Pseudomonadota","Alphaproteobacteria","Hyphomicrobiales","Xanthobacteraceae",NA,NA
"GCGGTAATACGGAGGGTGCGAGCGTTATTCGGAATTACTGGGCGTAAAGCGCACGCAGGCGGTTGCCCAAGTCAGATGTGAAAGCCCCGGGCTTAACCTGGGAACTGCATTTGAAACTGGGCGACTAGAGTATGAAAGAGGAAAGCGGAATTTCCAGTGTAGCAGTGAAATGCGTAGATATTGGAAGGAACACCGATGGCGAAGGCAGCTTTCTGGGTCGATACTGACGCTCATGTGCGAAAGCGTGGGGAGCAAACAGGATTAGAAA","Bacteria","Pseudomonadota","Gammaproteobacteria","Cardiobacteriales","Cardiobacteriaceae",NA,NA
"GCGGTAATACGTAGGGTGCGAGCGTTGTCCGGAATTACTGGGCGTAAAGAGTTCGTAGGCGGTTTGTCGCGTCGTGTGTGAAATCCCGCAGCTCAACTGCGGGCTTGCAGGCGATACGGGCAGACTTGAGTACTGCAGGGGAGACTGGAATTCCTGGTGTAGCGGTGAAATGCGCAGATATCAGGAGGAACACCAATGGCGAAGGCAGGTCTCTGGGCCGTCACTGACGCTGAGGAGCGAAAGCGTGGGGAGCGAACAGGATTAGAAA","Bacteria","Actinomycetota","Actinobacteria","Mycobacteriales","Mycobacteriales Incertae Sedis",NA,NA
"GCGGTAATACGGAGGGGGCTAGCGTTGTTCGGAATTACTGGGCGTAAAGGGTGCGTAGGCGGCTGTCCAAGTCGGGTGTGAAAGCCCCGGGCTCAACCCGGGATGTGCATCCGAGACTGGGCGGCTCGAGTTCGGGAGAGGTGAGTGGAATTCCCAGTGTAGAGGTGAAATTCGTAGATATTGGGAAGAACACCGGTGGCGAAGGCGGCTCACTGGACCGACACTGACGCTGAGGCACGAAAGCGTGGGGAGCAAACAGGATTAGATA","Bacteria","Pseudomonadota","Alphaproteobacteria","Puniceispirillales","Puniceispirillales Incertae Sedis",NA,NA
"GCGGTAATACGGAAGGTCCGGGCGTTATCCGGATTTATTGGGTTTAAAGGGAGCGCAGGCGGACCTTTAAGTCAGCTGTGAAATACGGCGGCTCAACCGTCGAACTGCAGTTGATACTGGCAAGCTTGAGTCTCGTAGAGGGGGGTAGAATTCCAGGTGTAGCGGTGAAATGCGTAGAGATCTGGAGGAATACCGGTGGCGAAGGCGGCCCCCTGGACGAAGACTGACGCTCAGGTGCGAAAGCGTGGGTAGCAAACAGGATTAGATA","Bacteria","Pseudomonadota","Gammaproteobacteria","Enterobacterales","Erwiniaceae",NA,NA
"GCGGTAATACGTAGGGTGCGAGCGTTAATCGGAATTACTGGGCGTAAAGCGTGCGCAGGCGGTTTTGTAAGCCAGACGTGAAATATCCCGGCTAAACCGGGAGGGGACGAACCAGACTATTCGACTGGAGTGCAGTAGAGGAACGCGGAATTCGGGGTGTAGCGGTGAAATGTGCAGAGATCCCGAGGAACACCAGAGGTGAAGACGGCGTTCTGGGCTGTAACTGACACTGAGGCGCGAAAGCGTGGGGAGCGAACGGGATTAGATA","Bacteria","Chloroflexota","Anaerolineae","Aggregatilineales","A4b",NA,NA
"GCGGTAATACGGAGGGTGCAAGCGTTAATCGGAATTACTGGGCGTAAAGCGCGCGTAGGCGGCTATTTAAGCTAGATGTGAAATCCCCGGGCTTAACCTGGGACGTGCATTTAGAACTGGGTAGCTAGAGTACAGCAGAGGATAGTGGAATTTCAGGTGTAGCGGTGAAATGCGTAGAGATCTGAAGGAACATCAGTGGCGAAGGCGGCCTACTGGGCACCAACTGACGCTGAGGCTCGAAAGTGTGGGTAGCAAACAGGATTAGAAA","Bacteria","Pseudomonadota","Gammaproteobacteria","Pseudomonadales","Cellvibrionaceae",NA,NA
"GCGGTAATACGGAGGGTGCGAGCGTTAATCGGAATTACTGGGCGTAAAGGGTACGTAGGCGGCTTGATAAGTCAGATGTGAAATCCCCGGGCTTAACCTGGGAACTGCATTTGAAACTGTCTAGCTAGAGTGAGTGAGAGGTAAGTGGAATTCAAGGCGTAGCGGTGAAATGCGTAGAGGTCTTGAGGAACATCAGTGGCGAAGGCGACTTACTGGCACTACACTGACGCTGAGGTACGAAAGCGTGGGGAGCGAACAGGATTAGAA","Bacteria","Pseudomonadota","Gammaproteobacteria","Gammaproteobacteria Incertae Sedis","Unknown Family",NA,NA
"GCGGTAATACGTAGGTGGCGAGCGTTATCCGGAATCATTGGGCGTAAAGAGGGAGCAGGCGGCCGCAAGGGTCTGTGGTGAAAGGCTACGGCTCAACCGTAGTAAGCCTTTGAAACTGGGAAACTTGAGTGCAGGAGAGGAGAGTGGAATTCCTAGTGTAGCGGTGAAATGCGTAGATATTAGGAGGAACACCAGTGGCGAAGGCGGCTTACTGGACTGTAACTGACACTGAGGCTCGAAAGCGTGGGGAGCAAATGGGATTAGATA","Bacteria","Bacillota","Clostridia","Peptostreptococcales-Tissierellales","Thermotaleaceae",NA,NA
"GCGGTAATACAGAGGGTGCGAGCGTTGTCCGGAATCACTGGGCGTAAAGGGCGCGTAGGCGGTGACTTAAGCGTGTGGTGAAAGCTCGGGGCTCAACCCCGAGTCGGCCGTGCGAACTGGGTCACTGGAGCAGATCAGAGGCAGGCGGAATTCCGGGTGTAGCGGTGGAATGCGTAGAGATCCGGAAGAACACCGGTGGCGAAGGCGGCCTGCTGGGATCTTGCTGACGCTGAGGCGCGACAGCGTGGGGAGCAAACAGGATTAGAAA","Bacteria","Gemmatimonadota","Gemmatimonadia","Gemmatimonadales","Gemmatimonadaceae",NA,NA
"GCGGTAATACGGAGGATGCAAGCGTTATCCGGAATTATTGGGCGTAAAGCGTCCGCAGGTGGTTTTACAAGTCTGCTGTCAAAGCGTGGAGCTTAACTCCATAAAGGCAGTGGAAACTGTGAGACTAGAGTTCGGTAGGGGTTACGGGAATTCCCAGTGTAGCGGTGAAATGCGTAGATATTGGGAAGAACACCAGCGGCGAAGGCGACTTTCTGGACGACAACTGACGCTGAGGCGCGAAAGCGTGGGGAGCAAACAGGATTAGATA","Bacteria","Cyanobacteriota","Cyanobacteriia","Leptolyngbyales","Leptolyngbyaceae",NA,NA
"GCGGTAAGACAGAGGGTGCTAGCGTTGTTCGGAATGACTGGGCGTAAAGGGCGCGTAGGCGGTTATATTAGTCAAGCGTGAAAGCCCCGGGCTTAACCCGGGAACTGCGCCTGAAACGGTATGACTAGAGGACGAGAGAGGAAAGCGGAATTCCTAGTGTAGAGGTGAAATTCGTAGATATTAGGAGGAACATCAGAGGCGAAGGCGGCTTTCTGGCTCGTTACTGACGCTGAGGCGCGAAAGCGTGGGGAGCGAACAGGATTAGAAA","Bacteria","Pseudomonadota","Alphaproteobacteria","Rickettsiales","AB1",NA,NA
"GCGGTAATACGAAGGGGGCTAGCGTTGTTCGGATTTACTGGGCGTAAAGCGCGTGTAGGCGGGCTTGCAAGTTGGGGGTGAAATCCCGAGGCTCAACCTCGGAACTGCCTCCAAAACTGCAAGCCTGGAGCAAGATAGAGGCAAGTGGAATTGCGAGTGTAGAGGTGAAATTCGTAGATATTCGCAGGAACACCAGTGGCGAAGGCGACTTTCTGGACGAAAACTGACGCTGAGGCGCGAAAGCCAGGGGAGCGAACGGGATTAGAAA","Bacteria","Pseudomonadota","Alphaproteobacteria","Caulobacterales","Hyphomonadaceae",NA,NA
"GCGGTAATACGTATGGTGCAAGCGTTGTCCGGAATTATTGGGCGTAAAGCGCGTGTAGGCGGCTTGCTAAGTCCGCTCTGAAAGCCCAGGGCTCAACCCTGGGAGGCGGGTGGATACTGGCAAGCTTGAGTCCGGAAGAGGCGAGTGGAATTCCTGGTGTAGCGGTGAAATGCGCAGATATCAGGAGGAACACCAATGGCGAAGGCAGCTCGCTGGGACGTGACTGACGCTGAGACGCGAAAGCGTGGGGAGCAAACAGGATTAGAAA","Bacteria","Actinomycetota","Thermoleophilia","Solirubrobacterales","Solirubrobacteraceae",NA,NA
"GCGGTAATACGTAGGGTGCAAGCGTTATTCGGATTTACTGGGCGTAAAGCGCATGTAGGTGGTTTAGTAAGTTTGATGTGAAATCCCTGGACTCAATTCAGGAACTGCATCGAATACTGCTTTACTTGAGTGTAGGAGGGGAGAACGGAATTTCTGGTGTAGAGGTGAAATTCGTAGATATCAGAAGGAACAACAGTGGCGAAAGCGGTTCTCTAGACTATAACTGACACTGAGATGCGACAGCGTGGGGAGCAAACAGGATTAGAAA","Bacteria","SAR324 clade(Marine group B)","Incertae Sedis","Incertae Sedis","Incertae Sedis",NA,NA
"GCGGTAATACGTAGGGTGCGAGCGTTGTCCGGAATTACTGGGCGTAAAGAGCTCGTAGGTGGTTTGTCGCGTCGTCTGTGAAATCCCGGGGCTTAACTTCGGGCGTGCAGGCGATACGGGCATAACTTGAGTGCTGTAGGGGAGACTGGAATTCCTGGTGTAGCGGTGAAATGCTTAGATATCACGAAGAACTCCGATTGCGAAGGCAGCTCACGGGAGCGCAACTGACGCTGAAGCTCGAAAGTGCGGGTATCGAACAGGATTAGAAA","Bacteria","Actinomycetota","Actinobacteria","Mycobacteriales","Nocardiaceae",NA,NA
"GCGGTAATACGTAGGGGGCGAGCGTTATCCGGAATTACTGGGCGTAAAGCGCGCGCAGGCGGCCGGTTAAGTCGGGTGTGAAAGGCTGCGGCTCAACCGCAGAGCGGCACCCGAAACTGGCGGGCTTGAGTGCAGGAGAGGGAAGCGGAATTCCCGGTGTAGCGGTGGAATGCGTAGAGATCGGGAGGAACACCAGTGGCGAAGGCGGCTTCCTGGCCTGTAACTGACGCTGAGGCGCGAAAGCGTGGGGAGCAAACAGGATTAGATA","Bacteria","Bacillota","Bacilli","Thermoactinomycetales","Thermoactinomycetaceae",NA,NA
"GCGGTAATACGTAGGTGGCAAGCGTTGTCCGGATTTACTGGGTGTAAAGGGCGTGTAGCCGGGAGGGCAAGTCAGATGTGAAATCCCCGGGCTTAACCTGGGAACTGCGGTTGTGACTGTGGTGCTAGAGTACGGCAGAGGGAGGTGGAATTCCTGGTGTAGCAGTGAAATGCGTAGAGATCAGGAGGAACACCGATGGCGAAGGCAGCCTCCTGGGCTGATACTGACGCTCATGCACGAAAGCGTGGGGAGCAAACAGGATTAGAAA","Bacteria","Pseudomonadota","Gammaproteobacteria","Burkholderiales","Rhodocyclaceae",NA,NA
"GCGGTAATACGTAGAGTGCAAGCGTTGTCCGGAATTATTGGGCGTAAAGGGTACGCAGGCGGATAGTAAAGTCAAGCGTGAAAGGTGTCGGCTTAACCGACAGACTGCGTTTGAAACTGATTATCTTGAGTGTAACAGAGGAGAGTGGAATTCCTAGTGTAGTGGTGAAATACGTAGATATTAGGAAGAACACCAGTGGCGAAGGCGACTCTCTGGGTTAACACTGACGCTGAGGTACGAAAGCTGGGGGAGCGAACGGGATTAGAAA","Bacteria","Halanaerobiaeota","Halanaerobiia","Halanaerobiales","Halanaerobiaceae",NA,NA
